status,xep_tag,xep_display,number,title,url,action,score,project_state,replacement_note
Final,XEP-0004,XEP-0004,4,Data Forms,https://xmpp.org/extensions/xep-0004.html,Defer,6.45,Unsupported,-
Final,XEP-0009,XEP-0009,9,Jabber-RPC,https://xmpp.org/extensions/xep-0009.html,Defer,5.77,Unsupported,-
Final,XEP-0012,XEP-0012,12,Last Activity,https://xmpp.org/extensions/xep-0012.html,Defer,6.45,Unsupported,-
Final,XEP-0030,🚧 XEP-0030,30,Service Discovery,https://xmpp.org/extensions/xep-0030.html,Implement,6.45,Partial,-
Final,XEP-0047,XEP-0047,47,In-Band Bytestreams,https://xmpp.org/extensions/xep-0047.html,Avoid,3.65,Unsupported,-
Final,XEP-0077,XEP-0077,77,In-Band Registration,https://xmpp.org/extensions/xep-0077.html,Defer,6.45,Unsupported,-
Final,XEP-0085,✅ XEP-0085,85,Chat State Notifications,https://xmpp.org/extensions/xep-0085.html,Maintain,8.95,Implemented,-
Final,XEP-0174,XEP-0174,174,Serverless Messaging,https://xmpp.org/extensions/xep-0174.html,Defer,4.35,Unsupported,-
Final,XEP-0199,✅ XEP-0199,199,XMPP Ping,https://xmpp.org/extensions/xep-0199.html,Maintain,6.45,Implemented,-
Final,XEP-0202,XEP-0202,202,Entity Time,https://xmpp.org/extensions/xep-0202.html,Defer,6.45,Unsupported,-
Final,XEP-0203,🚧 XEP-0203,203,Delayed Delivery,https://xmpp.org/extensions/xep-0203.html,Implement,6.45,Partial,-
Stable,XEP-0033,XEP-0033,33,Extended Stanza Addressing,https://xmpp.org/extensions/xep-0033.html,Defer,6.15,Unsupported,-
Stable,XEP-0045,🚧 XEP-0045,45,Multi-User Chat,https://xmpp.org/extensions/xep-0045.html,Implement,7.25,Partial,-
Stable,XEP-0050,XEP-0050,50,Ad-Hoc Commands,https://xmpp.org/extensions/xep-0050.html,Defer,6.15,Unsupported,-
Stable,XEP-0059,🚧 XEP-0059,59,Result Set Management,https://xmpp.org/extensions/xep-0059.html,Implement,6.15,Partial,-
Stable,XEP-0060,XEP-0060,60,Publish-Subscribe,https://xmpp.org/extensions/xep-0060.html,Defer,6.15,Unsupported,-
Stable,XEP-0065,XEP-0065,65,SOCKS5 Bytestreams,https://xmpp.org/extensions/xep-0065.html,Avoid,3.35,Unsupported,-
Stable,XEP-0066,🚧 XEP-0066,66,Out of Band Data,https://xmpp.org/extensions/xep-0066.html,Implement,6.15,Partial,-
Stable,XEP-0070,XEP-0070,70,Verifying HTTP Requests via XMPP,https://xmpp.org/extensions/xep-0070.html,Defer,6.15,Unsupported,-
Stable,XEP-0072,XEP-0072,72,SOAP Over XMPP,https://xmpp.org/extensions/xep-0072.html,Avoid,3.15,Unsupported,-
Stable,XEP-0079,XEP-0079,79,Advanced Message Processing,https://xmpp.org/extensions/xep-0079.html,Defer,6.57,Unsupported,-
Stable,XEP-0080,XEP-0080,80,User Location,https://xmpp.org/extensions/xep-0080.html,Defer,6.15,Unsupported,-
Stable,XEP-0084,XEP-0084,84,User Avatar,https://xmpp.org/extensions/xep-0084.html,Implement,7.15,Planned,-
Stable,XEP-0092,XEP-0092,92,Software Version,https://xmpp.org/extensions/xep-0092.html,Defer,6.15,Unsupported,-
Stable,XEP-0106,XEP-0106,106,JID Escaping,https://xmpp.org/extensions/xep-0106.html,Defer,6.15,Unsupported,-
Stable,XEP-0107,XEP-0107,107,User Mood,https://xmpp.org/extensions/xep-0107.html,Defer,6.15,Unsupported,-
Stable,XEP-0108,XEP-0108,108,User Activity,https://xmpp.org/extensions/xep-0108.html,Defer,6.15,Unsupported,-
Stable,XEP-0115,🚧 XEP-0115,115,Entity Capabilities,https://xmpp.org/extensions/xep-0115.html,Implement,6.15,Partial,-
Stable,XEP-0118,XEP-0118,118,User Tune,https://xmpp.org/extensions/xep-0118.html,Defer,6.15,Unsupported,-
Stable,XEP-0122,XEP-0122,122,Data Forms Validation,https://xmpp.org/extensions/xep-0122.html,Defer,6.15,Unsupported,-
Stable,XEP-0124,XEP-0124,124,Bidirectional-streams Over Synchronous HTTP (BOSH),https://xmpp.org/extensions/xep-0124.html,Defer,6.15,Unsupported,-
Stable,XEP-0131,XEP-0131,131,Stanza Headers and Internet Metadata,https://xmpp.org/extensions/xep-0131.html,Defer,5.47,Unsupported,-
Stable,XEP-0141,XEP-0141,141,Data Forms Layout,https://xmpp.org/extensions/xep-0141.html,Avoid,3.15,Unsupported,-
Stable,XEP-0144,XEP-0144,144,Roster Item Exchange,https://xmpp.org/extensions/xep-0144.html,Defer,6.57,Unsupported,-
Stable,XEP-0152,XEP-0152,152,Reachability Addresses,https://xmpp.org/extensions/xep-0152.html,Avoid,4.15,Unsupported,-
Stable,XEP-0155,XEP-0155,155,Stanza Session Negotiation,https://xmpp.org/extensions/xep-0155.html,Avoid,3.15,Unsupported,-
Stable,XEP-0156,XEP-0156,156,Discovering Alternative XMPP Connection Methods,https://xmpp.org/extensions/xep-0156.html,Defer,6.15,Unsupported,-
Stable,XEP-0158,XEP-0158,158,CAPTCHA Forms,https://xmpp.org/extensions/xep-0158.html,Defer,6.15,Unsupported,-
Stable,XEP-0163,XEP-0163,163,Personal Eventing Protocol,https://xmpp.org/extensions/xep-0163.html,Defer,6.15,Unsupported,-
Stable,XEP-0166,🚧 XEP-0166,166,Jingle,https://xmpp.org/extensions/xep-0166.html,Implement,8.05,Partial,-
Stable,XEP-0167,🚧 XEP-0167,167,Jingle RTP Sessions,https://xmpp.org/extensions/xep-0167.html,Implement,8.05,Partial,-
Stable,XEP-0171,XEP-0171,171,Language Translation,https://xmpp.org/extensions/xep-0171.html,Avoid,3.15,Unsupported,-
Stable,XEP-0172,XEP-0172,172,User Nickname,https://xmpp.org/extensions/xep-0172.html,Implement,7.15,Unsupported,-
Stable,XEP-0176,XEP-0176,176,Jingle ICE-UDP Transport Method,https://xmpp.org/extensions/xep-0176.html,Implement,8.05,Unsupported,-
Stable,XEP-0177,XEP-0177,177,Jingle Raw UDP Transport Method,https://xmpp.org/extensions/xep-0177.html,Implement,7.05,Unsupported,-
Stable,XEP-0184,🚧 XEP-0184,184,Message Delivery Receipts,https://xmpp.org/extensions/xep-0184.html,Implement,7.25,Partial,-
Stable,XEP-0191,XEP-0191,191,Blocking Command,https://xmpp.org/extensions/xep-0191.html,Defer,6.15,Unsupported,-
Stable,XEP-0198,XEP-0198,198,Stream Management,https://xmpp.org/extensions/xep-0198.html,Defer,6.15,Unsupported,-
Stable,XEP-0206,XEP-0206,206,XMPP Over BOSH,https://xmpp.org/extensions/xep-0206.html,Defer,6.15,Unsupported,-
Stable,XEP-0215,XEP-0215,215,External Service Discovery,https://xmpp.org/extensions/xep-0215.html,Defer,6.15,Unsupported,-
Stable,XEP-0220,XEP-0220,220,Server Dialback,https://xmpp.org/extensions/xep-0220.html,Implement,7.05,Unsupported,-
Stable,XEP-0221,XEP-0221,221,Data Forms Media Element,https://xmpp.org/extensions/xep-0221.html,Implement,8.05,Unsupported,-
Stable,XEP-0224,XEP-0224,224,Attention,https://xmpp.org/extensions/xep-0224.html,Defer,6.15,Unsupported,-
Stable,XEP-0227,XEP-0227,227,Portable Import/Export Format for XMPP-IM Servers,https://xmpp.org/extensions/xep-0227.html,Defer,6.05,Unsupported,-
Stable,XEP-0231,🚧 XEP-0231,231,Bits of Binary,https://xmpp.org/extensions/xep-0231.html,Implement,6.15,Partial,-
Stable,XEP-0233,XEP-0233,233,XMPP Server Registration for use with Kerberos V5,https://xmpp.org/extensions/xep-0233.html,Defer,5.63,Unsupported,-
Stable,XEP-0249,XEP-0249,249,Direct MUC Invitations,https://xmpp.org/extensions/xep-0249.html,Implement,7.25,Unsupported,-
Stable,XEP-0258,XEP-0258,258,Security Labels in XMPP,https://xmpp.org/extensions/xep-0258.html,Implement,7.87,Unsupported,-
Stable,XEP-0260,XEP-0260,260,Jingle SOCKS5 Bytestreams Transport Method,https://xmpp.org/extensions/xep-0260.html,Avoid,5.25,Unsupported,-
Stable,XEP-0261,XEP-0261,261,Jingle In-Band Bytestreams Transport Method,https://xmpp.org/extensions/xep-0261.html,Avoid,5.25,Unsupported,-
Stable,XEP-0262,XEP-0262,262,Use of ZRTP in Jingle RTP Sessions,https://xmpp.org/extensions/xep-0262.html,Defer,6.05,Unsupported,-
Stable,XEP-0266,XEP-0266,266,Codecs for Jingle Audio,https://xmpp.org/extensions/xep-0266.html,Defer,5.05,Unsupported,-
Stable,XEP-0280,🚧 XEP-0280,280,Message Carbons,https://xmpp.org/extensions/xep-0280.html,Implement,7.25,Partial,-
Stable,XEP-0288,XEP-0288,288,Bidirectional Server-to-Server Connections,https://xmpp.org/extensions/xep-0288.html,Defer,6.37,Unsupported,-
Stable,XEP-0293,XEP-0293,293,Jingle RTP Feedback Negotiation,https://xmpp.org/extensions/xep-0293.html,Implement,8.05,Unsupported,-
Stable,XEP-0294,XEP-0294,294,Jingle RTP Header Extensions Negotiation,https://xmpp.org/extensions/xep-0294.html,Implement,8.05,Unsupported,-
Stable,XEP-0297,🚧 XEP-0297,297,Stanza Forwarding,https://xmpp.org/extensions/xep-0297.html,Implement,6.15,Partial,-
Stable,XEP-0300,XEP-0300,300,Use of Cryptographic Hash Functions in XMPP,https://xmpp.org/extensions/xep-0300.html,Implement,8.55,Unsupported,-
Stable,XEP-0301,XEP-0301,301,In-Band Real Time Text,https://xmpp.org/extensions/xep-0301.html,Avoid,4.15,Unsupported,-
Stable,XEP-0308,🚧 XEP-0308,308,Last Message Correction,https://xmpp.org/extensions/xep-0308.html,Implement,7.25,Partial,-
Stable,XEP-0313,🚧 XEP-0313,313,Message Archive Management,https://xmpp.org/extensions/xep-0313.html,Implement,7.25,Partial,-
Stable,XEP-0319,🚧 XEP-0319,319,Last User Interaction in Presence,https://xmpp.org/extensions/xep-0319.html,Implement,7.25,Partial,-
Stable,XEP-0320,🚧 XEP-0320,320,Use of DTLS-SRTP in Jingle Sessions,https://xmpp.org/extensions/xep-0320.html,Implement,10.00,Partial,-
Stable,XEP-0333,🚧 XEP-0333,333,Displayed Markers,https://xmpp.org/extensions/xep-0333.html,Implement,6.15,Partial,-
Stable,XEP-0334,XEP-0334,334,Message Processing Hints,https://xmpp.org/extensions/xep-0334.html,Implement,7.25,Unsupported,-
Stable,XEP-0338,XEP-0338,338,Jingle Grouping Framework,https://xmpp.org/extensions/xep-0338.html,Implement,8.05,Unsupported,-
Stable,XEP-0339,XEP-0339,339,Source-Specific Media Attributes in Jingle,https://xmpp.org/extensions/xep-0339.html,Implement,8.05,Unsupported,-
Stable,XEP-0352,🚧 XEP-0352,352,Client State Indication,https://xmpp.org/extensions/xep-0352.html,Implement,6.15,Partial,-
Stable,XEP-0363,🚧 XEP-0363,363,HTTP File Upload,https://xmpp.org/extensions/xep-0363.html,Implement,7.25,Partial,-
Stable,XEP-0368,XEP-0368,368,SRV records for XMPP over TLS,https://xmpp.org/extensions/xep-0368.html,Implement,8.55,Unsupported,-
Stable,XEP-0386,XEP-0386,386,Bind 2,https://xmpp.org/extensions/xep-0386.html,Defer,6.15,Unsupported,-
Stable,XEP-0388,XEP-0388,388,Extensible SASL Profile,https://xmpp.org/extensions/xep-0388.html,Implement,10.00,Unsupported,-
Stable,XEP-0392,XEP-0392,392,Consistent Color Generation,https://xmpp.org/extensions/xep-0392.html,Defer,6.15,Unsupported,-
Stable,XEP-0393,XEP-0393,393,Message Styling,https://xmpp.org/extensions/xep-0393.html,Implement,7.25,Unsupported,-
Stable,XEP-0398,XEP-0398,398,User Avatar to vCard-Based Avatars Conversion,https://xmpp.org/extensions/xep-0398.html,Implement,7.15,Unsupported,-
Stable,XEP-0402,🚧 XEP-0402,402,PEP Native Bookmarks,https://xmpp.org/extensions/xep-0402.html,Implement,7.25,Partial,-
Stable,XEP-0410,🚧 XEP-0410,410,MUC Self-Ping (Schrödinger's Chat),https://xmpp.org/extensions/xep-0410.html,Implement,7.25,Partial,-
Stable,XEP-0421,XEP-0421,421,Occupant identifiers for semi-anonymous MUCs,https://xmpp.org/extensions/xep-0421.html,Implement,7.25,Unsupported,-
Stable,XEP-0490,XEP-0490,490,Message Displayed Synchronization,https://xmpp.org/extensions/xep-0490.html,Implement,7.25,Unsupported,-
Active,XEP-0001,XEP-0001,1,XMPP Extension Protocols,https://xmpp.org/extensions/xep-0001.html,Avoid,2.10,Unsupported,-
Active,XEP-0002,XEP-0002,2,Special Interest Groups (SIGs),https://xmpp.org/extensions/xep-0002.html,Avoid,2.10,Unsupported,-
Active,XEP-0019,XEP-0019,19,Streamlining the SIGs,https://xmpp.org/extensions/xep-0019.html,Avoid,2.10,Unsupported,-
Active,XEP-0049,XEP-0049,49,Private XML Storage,https://xmpp.org/extensions/xep-0049.html,Avoid,3.85,Unsupported,-
Active,XEP-0053,XEP-0053,53,XMPP Registrar Function,https://xmpp.org/extensions/xep-0053.html,Avoid,2.10,Unsupported,-
Active,XEP-0054,🚧 XEP-0054,54,vcard-temp,https://xmpp.org/extensions/xep-0054.html,Implement,4.85,Partial,-
Active,XEP-0055,XEP-0055,55,Jabber Search,https://xmpp.org/extensions/xep-0055.html,Avoid,3.85,Unsupported,-
Active,XEP-0068,XEP-0068,68,Field Standardization for Data Forms,https://xmpp.org/extensions/xep-0068.html,Defer,5.13,Unsupported,-
Active,XEP-0076,XEP-0076,76,Malicious Stanzas,https://xmpp.org/extensions/xep-0076.html,Avoid,1.50,Unsupported,-
Active,XEP-0082,XEP-0082,82,XMPP Date and Time Profiles,https://xmpp.org/extensions/xep-0082.html,Implement,7.65,Unsupported,-
Active,XEP-0083,XEP-0083,83,Nested Roster Groups,https://xmpp.org/extensions/xep-0083.html,Defer,6.65,Unsupported,-
Active,XEP-0100,XEP-0100,100,Gateway Interaction,https://xmpp.org/extensions/xep-0100.html,Defer,5.36,Unsupported,-
Active,XEP-0114,XEP-0114,114,Jabber Component Protocol,https://xmpp.org/extensions/xep-0114.html,Avoid,3.85,Unsupported,-
Active,XEP-0127,XEP-0127,127,Common Alerting Protocol (CAP) Over XMPP,https://xmpp.org/extensions/xep-0127.html,Avoid,2.55,Unsupported,-
Active,XEP-0128,XEP-0128,128,Service Discovery Extensions,https://xmpp.org/extensions/xep-0128.html,Defer,5.55,Unsupported,-
Active,XEP-0132,XEP-0132,132,Presence Obtained via Kinesthetic Excitation (POKE),https://xmpp.org/extensions/xep-0132.html,Avoid,2.60,Unsupported,-
Active,XEP-0133,XEP-0133,133,Service Administration,https://xmpp.org/extensions/xep-0133.html,Defer,5.55,Unsupported,-
Active,XEP-0134,XEP-0134,134,XMPP Design Guidelines,https://xmpp.org/extensions/xep-0134.html,Avoid,2.55,Unsupported,-
Active,XEP-0143,XEP-0143,143,Guidelines for Authors of XMPP Extension Protocols,https://xmpp.org/extensions/xep-0143.html,Defer,4.50,Unsupported,-
Active,XEP-0145,XEP-0145,145,Annotations,https://xmpp.org/extensions/xep-0145.html,Avoid,2.85,Unsupported,-
Active,XEP-0147,XEP-0147,147,XMPP URI Scheme Query Components,https://xmpp.org/extensions/xep-0147.html,Defer,5.55,Unsupported,-
Active,XEP-0148,XEP-0148,148,Instant Messaging Intelligence Quotient (IM IQ),https://xmpp.org/extensions/xep-0148.html,Avoid,3.50,Unsupported,-
Active,XEP-0149,XEP-0149,149,Time Periods,https://xmpp.org/extensions/xep-0149.html,Avoid,2.55,Unsupported,-
Active,XEP-0153,🚧 XEP-0153,153,vCard-Based Avatars,https://xmpp.org/extensions/xep-0153.html,Implement,4.85,Partial,-
Active,XEP-0157,XEP-0157,157,Contact Addresses for XMPP Services,https://xmpp.org/extensions/xep-0157.html,Defer,5.55,Unsupported,-
Active,XEP-0160,XEP-0160,160,Best Practices for Handling Offline Messages,https://xmpp.org/extensions/xep-0160.html,Defer,6.65,Unsupported,-
Active,XEP-0169,XEP-0169,169,Twas The Night Before Christmas (Jabber Version),https://xmpp.org/extensions/xep-0169.html,Avoid,1.50,Unsupported,-
Active,XEP-0170,XEP-0170,170,Recommended Order of Stream Feature Negotiation,https://xmpp.org/extensions/xep-0170.html,Defer,5.36,Unsupported,-
Active,XEP-0175,XEP-0175,175,Best Practices for Use of SASL ANONYMOUS,https://xmpp.org/extensions/xep-0175.html,Implement,7.95,Unsupported,-
Active,XEP-0178,XEP-0178,178,Best Practices for Use of SASL EXTERNAL with Certificates,https://xmpp.org/extensions/xep-0178.html,Implement,7.95,Unsupported,-
Active,XEP-0182,XEP-0182,182,Application-Specific Error Conditions,https://xmpp.org/extensions/xep-0182.html,Avoid,4.10,Unsupported,-
Active,XEP-0183,XEP-0183,183,Jingle Telepathy Transport,https://xmpp.org/extensions/xep-0183.html,Avoid,3.40,Unsupported,-
Active,XEP-0185,XEP-0185,185,Dialback Key Generation and Validation,https://xmpp.org/extensions/xep-0185.html,Defer,5.36,Unsupported,-
Active,XEP-0201,XEP-0201,201,Best Practices for Message Threads,https://xmpp.org/extensions/xep-0201.html,Defer,4.65,Unsupported,-
Active,XEP-0205,XEP-0205,205,Best Practices to Discourage Denial of Service Attacks,https://xmpp.org/extensions/xep-0205.html,Defer,5.13,Unsupported,-
Active,XEP-0207,XEP-0207,207,XMPP Eventing via Pubsub,https://xmpp.org/extensions/xep-0207.html,Avoid,1.50,Unsupported,-
Active,XEP-0222,XEP-0222,222,Persistent Storage of Public Data via PubSub,https://xmpp.org/extensions/xep-0222.html,Defer,4.87,Unsupported,-
Active,XEP-0223,XEP-0223,223,Persistent Storage of Private Data via PubSub,https://xmpp.org/extensions/xep-0223.html,Defer,5.55,Unsupported,-
Active,XEP-0239,XEP-0239,239,Binary XMPP,https://xmpp.org/extensions/xep-0239.html,Avoid,1.50,Unsupported,-
Active,XEP-0245,XEP-0245,245,The /me Command,https://xmpp.org/extensions/xep-0245.html,Defer,5.55,Unsupported,-
Active,XEP-0263,XEP-0263,263,ECO-XMPP,https://xmpp.org/extensions/xep-0263.html,Avoid,2.50,Unsupported,-
Active,XEP-0286,XEP-0286,286,Mobile Considerations on LTE Networks,https://xmpp.org/extensions/xep-0286.html,Defer,6.27,Unsupported,-
Active,XEP-0295,XEP-0295,295,JSON Encodings for XMPP,https://xmpp.org/extensions/xep-0295.html,Avoid,1.50,Unsupported,-
Active,XEP-0345,XEP-0345,345,Form of Membership Applications,https://xmpp.org/extensions/xep-0345.html,Avoid,2.10,Unsupported,-
Active,XEP-0381,XEP-0381,381,Internet of Things Special Interest Group (IoT SIG),https://xmpp.org/extensions/xep-0381.html,Avoid,2.10,Unsupported,-
Active,XEP-0419,XEP-0419,419,Improving Baseline Security in XMPP,https://xmpp.org/extensions/xep-0419.html,Avoid,3.90,Unsupported,-
Active,XEP-0429,XEP-0429,429,Special Interests Group End to End Encryption,https://xmpp.org/extensions/xep-0429.html,Defer,4.50,Unsupported,-
Active,XEP-0457,XEP-0457,457,Message Fancying,https://xmpp.org/extensions/xep-0457.html,Avoid,2.60,Unsupported,-
Active,XEP-0458,XEP-0458,458,Community Code of Conduct,https://xmpp.org/extensions/xep-0458.html,Avoid,2.10,Unsupported,-
Active,XEP-0464,XEP-0464,464,Cookies,https://xmpp.org/extensions/xep-0464.html,Avoid,1.50,Unsupported,-
Experimental,XEP-0264,XEP-0264,264,Jingle Content Thumbnails,https://xmpp.org/extensions/xep-0264.html,Implement,8.60,Unsupported,-
Experimental,XEP-0272,XEP-0272,272,Multiparty Jingle (Muji),https://xmpp.org/extensions/xep-0272.html,Defer,6.50,Unsupported,-
Experimental,XEP-0283,XEP-0283,283,Moved,https://xmpp.org/extensions/xep-0283.html,Avoid,4.18,Unsupported,-
Experimental,XEP-0284,XEP-0284,284,Shared XML Editing,https://xmpp.org/extensions/xep-0284.html,Avoid,4.18,Unsupported,-
Experimental,XEP-0292,XEP-0292,292,vCard4 Over XMPP,https://xmpp.org/extensions/xep-0292.html,Defer,6.41,Unsupported,-
Experimental,XEP-0317,XEP-0317,317,Hats,https://xmpp.org/extensions/xep-0317.html,Defer,5.60,Unsupported,-
Experimental,XEP-0353,🚧 XEP-0353,353,Jingle Message Initiation,https://xmpp.org/extensions/xep-0353.html,Implement,8.60,Partial,-
Experimental,XEP-0355,XEP-0355,355,Namespace Delegation,https://xmpp.org/extensions/xep-0355.html,Defer,5.08,Unsupported,-
Experimental,XEP-0356,XEP-0356,356,Privileged Entity,https://xmpp.org/extensions/xep-0356.html,Defer,4.60,Unsupported,-
Experimental,XEP-0359,🚧 XEP-0359,359,Unique and Stable Stanza IDs,https://xmpp.org/extensions/xep-0359.html,Implement,5.60,Partial,-
Experimental,XEP-0365,XEP-0365,365,Server to Server communication over STANAG 5066 ARQ,https://xmpp.org/extensions/xep-0365.html,Avoid,3.50,Unsupported,-
Experimental,XEP-0369,XEP-0369,369,Mediated Information eXchange (MIX),https://xmpp.org/extensions/xep-0369.html,Implement,7.50,Unsupported,-
Experimental,XEP-0372,🚧 XEP-0372,372,References,https://xmpp.org/extensions/xep-0372.html,Implement,6.51,Partial,-
Experimental,XEP-0373,XEP-0373,373,OpenPGP for XMPP,https://xmpp.org/extensions/xep-0373.html,Defer,4.92,Unsupported,-
Experimental,XEP-0377,XEP-0377,377,Spam Reporting,https://xmpp.org/extensions/xep-0377.html,Defer,5.60,Unsupported,-
Experimental,XEP-0383,XEP-0383,383,Burner JIDs,https://xmpp.org/extensions/xep-0383.html,Avoid,2.60,Unsupported,-
Experimental,XEP-0384,XEP-0384,384,OMEMO Encryption,https://xmpp.org/extensions/xep-0384.html,Implement,8.00,Planned,-
Experimental,XEP-0389,XEP-0389,389,Extensible In-Band Registration,https://xmpp.org/extensions/xep-0389.html,Avoid,2.60,Unsupported,-
Experimental,XEP-0394,XEP-0394,394,Message Markup,https://xmpp.org/extensions/xep-0394.html,Defer,5.28,Unsupported,-
Experimental,XEP-0405,XEP-0405,405,Mediated Information eXchange (MIX): Participant Server Requirements,https://xmpp.org/extensions/xep-0405.html,Implement,8.40,Unsupported,-
Experimental,XEP-0413,XEP-0413,413,Order-By,https://xmpp.org/extensions/xep-0413.html,Avoid,2.60,Unsupported,-
Experimental,XEP-0420,XEP-0420,420,Stanza Content Encryption,https://xmpp.org/extensions/xep-0420.html,Implement,7.58,Unsupported,-
Experimental,XEP-0425,XEP-0425,425,Moderated Message Retraction,https://xmpp.org/extensions/xep-0425.html,Defer,6.70,Unsupported,-
Experimental,XEP-0426,XEP-0426,426,Character counting in message bodies,https://xmpp.org/extensions/xep-0426.html,Defer,4.58,Unsupported,-
Experimental,XEP-0428,🚧 XEP-0428,428,Fallback Indication,https://xmpp.org/extensions/xep-0428.html,Implement,5.60,Partial,-
Experimental,XEP-0434,XEP-0434,434,Trust Messages (TM),https://xmpp.org/extensions/xep-0434.html,Defer,5.28,Unsupported,-
Experimental,XEP-0438,XEP-0438,438,Best practices for password hashing and storage,https://xmpp.org/extensions/xep-0438.html,Avoid,2.90,Unsupported,-
Experimental,XEP-0440,XEP-0440,440,SASL Channel-Binding Type Capability,https://xmpp.org/extensions/xep-0440.html,Implement,8.90,Unsupported,-
Experimental,XEP-0441,XEP-0441,441,Message Archive Management Preferences,https://xmpp.org/extensions/xep-0441.html,Implement,7.80,Unsupported,-
Experimental,XEP-0442,XEP-0442,442,Pubsub Message Archive Management,https://xmpp.org/extensions/xep-0442.html,Avoid,3.70,Unsupported,-
Experimental,XEP-0444,🚧 XEP-0444,444,Message Reactions,https://xmpp.org/extensions/xep-0444.html,Implement,6.70,Partial,-
Experimental,XEP-0446,🚧 XEP-0446,446,File metadata element,https://xmpp.org/extensions/xep-0446.html,Implement,6.51,Partial,-
Experimental,XEP-0447,XEP-0447,447,Stateless file sharing,https://xmpp.org/extensions/xep-0447.html,Defer,6.51,Unsupported,-
Experimental,XEP-0448,XEP-0448,448,Encryption for stateless file sharing,https://xmpp.org/extensions/xep-0448.html,Implement,8.42,Unsupported,-
Experimental,XEP-0449,XEP-0449,449,Stickers,https://xmpp.org/extensions/xep-0449.html,Avoid,4.18,Unsupported,-
Experimental,XEP-0450,XEP-0450,450,Automatic Trust Management (ATM),https://xmpp.org/extensions/xep-0450.html,Avoid,4.18,Unsupported,-
Experimental,XEP-0451,XEP-0451,451,Stanza Multiplexing,https://xmpp.org/extensions/xep-0451.html,Avoid,2.60,Unsupported,-
Experimental,XEP-0452,XEP-0452,452,MUC Mention Notifications,https://xmpp.org/extensions/xep-0452.html,Defer,5.10,Unsupported,-
Experimental,XEP-0453,XEP-0453,453,DOAP usage in XMPP,https://xmpp.org/extensions/xep-0453.html,Defer,4.71,Unsupported,-
Experimental,XEP-0454,XEP-0454,454,OMEMO Media sharing,https://xmpp.org/extensions/xep-0454.html,Avoid,8.60,Unsupported,-
Experimental,XEP-0455,XEP-0455,455,Service Outage Status,https://xmpp.org/extensions/xep-0455.html,Avoid,4.18,Unsupported,-
Experimental,XEP-0456,XEP-0456,456,Content Rating Labels,https://xmpp.org/extensions/xep-0456.html,Avoid,2.60,Unsupported,-
Experimental,XEP-0460,XEP-0460,460,Pubsub Caching Hints,https://xmpp.org/extensions/xep-0460.html,Avoid,2.60,Unsupported,-
Experimental,XEP-0461,🚧 XEP-0461,461,Message Replies,https://xmpp.org/extensions/xep-0461.html,Implement,6.70,Partial,-
Experimental,XEP-0462,XEP-0462,462,PubSub Type Filtering,https://xmpp.org/extensions/xep-0462.html,Avoid,2.60,Unsupported,-
Experimental,XEP-0463,XEP-0463,463,MUC Affiliations Versioning,https://xmpp.org/extensions/xep-0463.html,Avoid,3.70,Unsupported,-
Experimental,XEP-0465,XEP-0465,465,Pubsub Public Subscriptions,https://xmpp.org/extensions/xep-0465.html,Avoid,2.60,Unsupported,-
Experimental,XEP-0466,XEP-0466,466,Ephemeral Messages,https://xmpp.org/extensions/xep-0466.html,Avoid,3.70,Unsupported,-
Experimental,XEP-0467,XEP-0467,467,XMPP over QUIC,https://xmpp.org/extensions/xep-0467.html,Avoid,2.60,Unsupported,-
Experimental,XEP-0468,XEP-0468,468,WebSocket S2S,https://xmpp.org/extensions/xep-0468.html,Avoid,2.60,Unsupported,-
Experimental,XEP-0469,XEP-0469,469,Bookmark Pinning,https://xmpp.org/extensions/xep-0469.html,Defer,5.70,Unsupported,-
Experimental,XEP-0470,XEP-0470,470,Pubsub Attachments,https://xmpp.org/extensions/xep-0470.html,Avoid,2.60,Unsupported,-
Experimental,XEP-0471,XEP-0471,471,Events,https://xmpp.org/extensions/xep-0471.html,Avoid,2.60,Unsupported,-
Experimental,XEP-0472,XEP-0472,472,Pubsub Social Feed,https://xmpp.org/extensions/xep-0472.html,Avoid,3.60,Unsupported,-
Experimental,XEP-0473,XEP-0473,473,OpenPGP for XMPP Pubsub,https://xmpp.org/extensions/xep-0473.html,Avoid,2.60,Unsupported,-
Experimental,XEP-0474,XEP-0474,474,SASL SCRAM Downgrade Protection,https://xmpp.org/extensions/xep-0474.html,Implement,8.00,Unsupported,-
Experimental,XEP-0475,XEP-0475,475,Pubsub Signing,https://xmpp.org/extensions/xep-0475.html,Avoid,2.60,Unsupported,-
Experimental,XEP-0476,XEP-0476,476,Pubsub Signing: OpenPGP Profile,https://xmpp.org/extensions/xep-0476.html,Defer,4.70,Unsupported,-
Experimental,XEP-0477,XEP-0477,477,Pubsub Targeted Encryption,https://xmpp.org/extensions/xep-0477.html,Defer,5.00,Unsupported,-
Experimental,XEP-0478,XEP-0478,478,Stream Limits Advertisement,https://xmpp.org/extensions/xep-0478.html,Defer,4.60,Unsupported,-
Experimental,XEP-0479,XEP-0479,479,XMPP Compliance Suites 2023,https://xmpp.org/extensions/xep-0479.html,Avoid,2.60,Unsupported,-
Experimental,XEP-0480,XEP-0480,480,SASL Upgrade Tasks,https://xmpp.org/extensions/xep-0480.html,Implement,7.32,Unsupported,-
Experimental,XEP-0481,XEP-0481,481,Content Types in Messages,https://xmpp.org/extensions/xep-0481.html,Avoid,3.70,Unsupported,-
Experimental,XEP-0482,🚧 XEP-0482,482,Call Invites,https://xmpp.org/extensions/xep-0482.html,Implement,6.82,Partial,-
Experimental,XEP-0483,XEP-0483,483,HTTP Online Meetings,https://xmpp.org/extensions/xep-0483.html,Avoid,4.18,Unsupported,-
Experimental,XEP-0485,XEP-0485,485,PubSub Server Information,https://xmpp.org/extensions/xep-0485.html,Defer,5.50,Unsupported,-
Experimental,XEP-0486,XEP-0486,486,MUC Avatars,https://xmpp.org/extensions/xep-0486.html,Avoid,5.30,Unsupported,-
Experimental,XEP-0487,XEP-0487,487,Host Meta 2 - One Method To Rule Them All,https://xmpp.org/extensions/xep-0487.html,Avoid,2.60,Unsupported,-
Experimental,XEP-0488,XEP-0488,488,MUC Token Invite,https://xmpp.org/extensions/xep-0488.html,Avoid,3.70,Unsupported,-
Experimental,XEP-0489,XEP-0489,489,Reporting Account Affiliations,https://xmpp.org/extensions/xep-0489.html,Avoid,2.60,Unsupported,-
Experimental,XEP-0491,XEP-0491,491,WebXDC,https://xmpp.org/extensions/xep-0491.html,Avoid,2.60,Unsupported,-
Experimental,XEP-0492,XEP-0492,492,Chat notification settings,https://xmpp.org/extensions/xep-0492.html,Implement,7.10,Unsupported,-
Experimental,XEP-0493,XEP-0493,493,OAuth Client Login,https://xmpp.org/extensions/xep-0493.html,Defer,4.30,Unsupported,-
Experimental,XEP-0494,XEP-0494,494,Client Access Management,https://xmpp.org/extensions/xep-0494.html,Avoid,3.60,Unsupported,-
Experimental,XEP-0495,XEP-0495,495,Happy Eyeballs,https://xmpp.org/extensions/xep-0495.html,Avoid,3.60,Unsupported,-
Experimental,XEP-0496,XEP-0496,496,Pubsub Node Relationships,https://xmpp.org/extensions/xep-0496.html,Avoid,2.60,Unsupported,-
Experimental,XEP-0497,XEP-0497,497,Pubsub Extended Subscriptions,https://xmpp.org/extensions/xep-0497.html,Avoid,2.60,Unsupported,-
Experimental,XEP-0498,XEP-0498,498,Pubsub File Sharing,https://xmpp.org/extensions/xep-0498.html,Avoid,3.70,Unsupported,-
Experimental,XEP-0499,XEP-0499,499,Pubsub Extended Discovery,https://xmpp.org/extensions/xep-0499.html,Avoid,2.60,Unsupported,-
Experimental,XEP-0500,XEP-0500,500,MUC Slow Mode,https://xmpp.org/extensions/xep-0500.html,Avoid,3.70,Unsupported,-
Experimental,XEP-0501,XEP-0501,501,Pubsub Stories,https://xmpp.org/extensions/xep-0501.html,Avoid,3.60,Unsupported,-
Experimental,XEP-0502,XEP-0502,502,MUC Activity Indicator,https://xmpp.org/extensions/xep-0502.html,Defer,4.70,Unsupported,-
Experimental,XEP-0503,XEP-0503,503,Server-side spaces,https://xmpp.org/extensions/xep-0503.html,Avoid,3.50,Unsupported,-
Experimental,XEP-0504,XEP-0504,504,Data Policy,https://xmpp.org/extensions/xep-0504.html,Avoid,2.60,Unsupported,-
Experimental,XEP-0505,XEP-0505,505,Data Forms File Input Element,https://xmpp.org/extensions/xep-0505.html,Avoid,3.70,Unsupported,-
Experimental,ProtoXEP-55,ProtoXEP-55,,Namespace Versioning in urn:xmpp,https://xmpp.org/extensions/inbox/nsver.html,Avoid,2.10,Unsupported,-
Proposed,XEP-0379,XEP-0379,379,Pre-Authenticated Roster Subscription,https://xmpp.org/extensions/xep-0379.html,Implement,8.32,Unsupported,-
Proposed,XEP-0401,XEP-0401,401,Ad-hoc Account Invitation Generation,https://xmpp.org/extensions/xep-0401.html,Defer,4.82,Unsupported,-
Proposed,XEP-0424,🚧 XEP-0424,424,Message Retraction,https://xmpp.org/extensions/xep-0424.html,Implement,6.60,Partial,-
Proposed,XEP-0445,XEP-0445,445,Pre-Authenticated In-Band Registration,https://xmpp.org/extensions/xep-0445.html,Defer,6.48,Unsupported,-
Proposed,XEP-0484,XEP-0484,484,Fast Authentication Streamlining Tokens,https://xmpp.org/extensions/xep-0484.html,Implement,7.90,Unsupported,-
Deferred,XEP-0031,XEP-0031,31,A Framework For Securing Jabber Conversations,https://xmpp.org/extensions/xep-0031.html,Avoid,1.90,Unsupported,Not provided by source CSV; inspect XEP page for superseding guidance.
Deferred,XEP-0039,XEP-0039,39,Statistics Gathering,https://xmpp.org/extensions/xep-0039.html,Defer,4.22,Unsupported,Not provided by source CSV; inspect XEP page for superseding guidance.
Deferred,XEP-0044,XEP-0044,44,Full Namespace Support for XML Streams,https://xmpp.org/extensions/xep-0044.html,Avoid,3.80,Unsupported,Not provided by source CSV; inspect XEP page for superseding guidance.
Deferred,XEP-0056,XEP-0056,56,Business Data Interchange,https://xmpp.org/extensions/xep-0056.html,Avoid,1.90,Unsupported,Not provided by source CSV; inspect XEP page for superseding guidance.
Deferred,XEP-0058,XEP-0058,58,Multi-User Text Editing,https://xmpp.org/extensions/xep-0058.html,Avoid,1.90,Unsupported,Not provided by source CSV; inspect XEP page for superseding guidance.
Deferred,XEP-0061,XEP-0061,61,Shared Notes,https://xmpp.org/extensions/xep-0061.html,Avoid,1.20,Unsupported,Not provided by source CSV; inspect XEP page for superseding guidance.
Deferred,XEP-0062,XEP-0062,62,Packet Filtering,https://xmpp.org/extensions/xep-0062.html,Avoid,1.20,Unsupported,Not provided by source CSV; inspect XEP page for superseding guidance.
Deferred,XEP-0063,XEP-0063,63,Basic Filtering Operations,https://xmpp.org/extensions/xep-0063.html,Avoid,1.20,Unsupported,Not provided by source CSV; inspect XEP page for superseding guidance.
Deferred,XEP-0064,XEP-0064,64,XPath Filtering,https://xmpp.org/extensions/xep-0064.html,Avoid,1.20,Unsupported,Not provided by source CSV; inspect XEP page for superseding guidance.
Deferred,XEP-0067,XEP-0067,67,Stock Data Transmission,https://xmpp.org/extensions/xep-0067.html,Avoid,1.90,Unsupported,Not provided by source CSV; inspect XEP page for superseding guidance.
Deferred,XEP-0069,XEP-0069,69,Compliance SIG,https://xmpp.org/extensions/xep-0069.html,Avoid,0.75,Unsupported,Not provided by source CSV; inspect XEP page for superseding guidance.
Deferred,XEP-0075,XEP-0075,75,Jabber Object Access Protocol (JOAP),https://xmpp.org/extensions/xep-0075.html,Avoid,1.90,Unsupported,Not provided by source CSV; inspect XEP page for superseding guidance.
Deferred,XEP-0088,XEP-0088,88,Client Webtabs,https://xmpp.org/extensions/xep-0088.html,Avoid,1.20,Unsupported,Not provided by source CSV; inspect XEP page for superseding guidance.
Deferred,XEP-0089,XEP-0089,89,Generic Alerts,https://xmpp.org/extensions/xep-0089.html,Avoid,1.90,Unsupported,Not provided by source CSV; inspect XEP page for superseding guidance.
Deferred,XEP-0097,XEP-0097,97,iCal Envelope,https://xmpp.org/extensions/xep-0097.html,Avoid,1.90,Unsupported,Not provided by source CSV; inspect XEP page for superseding guidance.
Deferred,XEP-0098,XEP-0098,98,Enhanced Private XML Storage,https://xmpp.org/extensions/xep-0098.html,Avoid,1.90,Unsupported,Not provided by source CSV; inspect XEP page for superseding guidance.
Deferred,XEP-0099,XEP-0099,99,IQ Query Action Protocol,https://xmpp.org/extensions/xep-0099.html,Avoid,1.90,Unsupported,Not provided by source CSV; inspect XEP page for superseding guidance.
Deferred,XEP-0101,XEP-0101,101,HTTP Authentication using Jabber Tickets,https://xmpp.org/extensions/xep-0101.html,Defer,4.30,Unsupported,Not provided by source CSV; inspect XEP page for superseding guidance.
Deferred,XEP-0102,XEP-0102,102,Security Extensions,https://xmpp.org/extensions/xep-0102.html,Defer,4.30,Unsupported,Not provided by source CSV; inspect XEP page for superseding guidance.
Deferred,XEP-0103,XEP-0103,103,URL Address Information,https://xmpp.org/extensions/xep-0103.html,Avoid,1.90,Unsupported,Not provided by source CSV; inspect XEP page for superseding guidance.
Deferred,XEP-0104,XEP-0104,104,HTTP Scheme for URL Data,https://xmpp.org/extensions/xep-0104.html,Avoid,1.90,Unsupported,Not provided by source CSV; inspect XEP page for superseding guidance.
Deferred,XEP-0105,XEP-0105,105,Tree Transfer Stream Initiation Profile,https://xmpp.org/extensions/xep-0105.html,Avoid,1.20,Unsupported,Not provided by source CSV; inspect XEP page for superseding guidance.
Deferred,XEP-0109,XEP-0109,109,Out-of-Office Messages,https://xmpp.org/extensions/xep-0109.html,Avoid,3.00,Unsupported,Not provided by source CSV; inspect XEP page for superseding guidance.
Deferred,XEP-0110,XEP-0110,110,Generic Maps,https://xmpp.org/extensions/xep-0110.html,Avoid,1.90,Unsupported,Not provided by source CSV; inspect XEP page for superseding guidance.
Deferred,XEP-0113,XEP-0113,113,Simple Whiteboarding,https://xmpp.org/extensions/xep-0113.html,Avoid,2.20,Unsupported,Not provided by source CSV; inspect XEP page for superseding guidance.
Deferred,XEP-0116,XEP-0116,116,Encrypted Session Negotiation,https://xmpp.org/extensions/xep-0116.html,Defer,4.30,Unsupported,Not provided by source CSV; inspect XEP page for superseding guidance.
Deferred,XEP-0129,XEP-0129,129,WebDAV File Transfers,https://xmpp.org/extensions/xep-0129.html,Avoid,4.00,Unsupported,Not provided by source CSV; inspect XEP page for superseding guidance.
Deferred,XEP-0135,XEP-0135,135,File Sharing,https://xmpp.org/extensions/xep-0135.html,Avoid,3.00,Unsupported,Not provided by source CSV; inspect XEP page for superseding guidance.
Deferred,XEP-0142,XEP-0142,142,Workgroup Queues,https://xmpp.org/extensions/xep-0142.html,Avoid,3.48,Unsupported,Not provided by source CSV; inspect XEP page for superseding guidance.
Deferred,XEP-0150,XEP-0150,150,Use of Entity Tags in XMPP Extensions,https://xmpp.org/extensions/xep-0150.html,Avoid,1.20,Unsupported,Not provided by source CSV; inspect XEP page for superseding guidance.
Deferred,XEP-0151,XEP-0151,151,Virtual Presence,https://xmpp.org/extensions/xep-0151.html,Avoid,3.00,Unsupported,Not provided by source CSV; inspect XEP page for superseding guidance.
Deferred,XEP-0154,XEP-0154,154,User Profile,https://xmpp.org/extensions/xep-0154.html,Avoid,4.00,Unsupported,Not provided by source CSV; inspect XEP page for superseding guidance.
Deferred,XEP-0159,XEP-0159,159,Spim-Blocking Control,https://xmpp.org/extensions/xep-0159.html,Avoid,2.90,Unsupported,Not provided by source CSV; inspect XEP page for superseding guidance.
Deferred,XEP-0161,XEP-0161,161,Abuse Reporting,https://xmpp.org/extensions/xep-0161.html,Avoid,1.90,Unsupported,Not provided by source CSV; inspect XEP page for superseding guidance.
Deferred,XEP-0162,XEP-0162,162,Best Practices for Roster and Subscription Management,https://xmpp.org/extensions/xep-0162.html,Avoid,3.30,Unsupported,Not provided by source CSV; inspect XEP page for superseding guidance.
Deferred,XEP-0164,XEP-0164,164,vCard Filtering,https://xmpp.org/extensions/xep-0164.html,Avoid,2.90,Unsupported,Not provided by source CSV; inspect XEP page for superseding guidance.
Deferred,XEP-0165,XEP-0165,165,Best Practices to Discourage JID Mimicking,https://xmpp.org/extensions/xep-0165.html,Avoid,1.20,Unsupported,Not provided by source CSV; inspect XEP page for superseding guidance.
Deferred,XEP-0168,XEP-0168,168,Resource Application Priority,https://xmpp.org/extensions/xep-0168.html,Avoid,1.90,Unsupported,Not provided by source CSV; inspect XEP page for superseding guidance.
Deferred,XEP-0173,XEP-0173,173,Pubsub Subscription Storage,https://xmpp.org/extensions/xep-0173.html,Avoid,0.00,Unsupported,Not provided by source CSV; inspect XEP page for superseding guidance.
Deferred,XEP-0179,XEP-0179,179,Jingle IAX Transport Method,https://xmpp.org/extensions/xep-0179.html,Avoid,3.80,Unsupported,Not provided by source CSV; inspect XEP page for superseding guidance.
Deferred,XEP-0181,XEP-0181,181,Jingle DTMF,https://xmpp.org/extensions/xep-0181.html,Avoid,3.80,Unsupported,Not provided by source CSV; inspect XEP page for superseding guidance.
Deferred,XEP-0186,XEP-0186,186,Invisible Command,https://xmpp.org/extensions/xep-0186.html,Avoid,2.90,Unsupported,Not provided by source CSV; inspect XEP page for superseding guidance.
Deferred,XEP-0187,XEP-0187,187,Offline Encrypted Sessions,https://xmpp.org/extensions/xep-0187.html,Defer,4.30,Unsupported,Not provided by source CSV; inspect XEP page for superseding guidance.
Deferred,XEP-0188,XEP-0188,188,Cryptographic Design of Encrypted Sessions,https://xmpp.org/extensions/xep-0188.html,Avoid,3.60,Unsupported,Not provided by source CSV; inspect XEP page for superseding guidance.
Deferred,XEP-0189,XEP-0189,189,Public Key Publishing,https://xmpp.org/extensions/xep-0189.html,Defer,4.22,Unsupported,Not provided by source CSV; inspect XEP page for superseding guidance.
Deferred,XEP-0194,XEP-0194,194,User Chatting,https://xmpp.org/extensions/xep-0194.html,Defer,4.58,Unsupported,Not provided by source CSV; inspect XEP page for superseding guidance.
Deferred,XEP-0195,XEP-0195,195,User Browsing,https://xmpp.org/extensions/xep-0195.html,Avoid,3.48,Unsupported,Not provided by source CSV; inspect XEP page for superseding guidance.
Deferred,XEP-0196,XEP-0196,196,User Gaming,https://xmpp.org/extensions/xep-0196.html,Defer,4.22,Unsupported,Not provided by source CSV; inspect XEP page for superseding guidance.
Deferred,XEP-0197,XEP-0197,197,User Viewing,https://xmpp.org/extensions/xep-0197.html,Avoid,3.48,Unsupported,Not provided by source CSV; inspect XEP page for superseding guidance.
Deferred,XEP-0200,XEP-0200,200,Stanza Encryption,https://xmpp.org/extensions/xep-0200.html,Defer,5.30,Unsupported,Not provided by source CSV; inspect XEP page for superseding guidance.
Deferred,XEP-0204,XEP-0204,204,Collaborative Data Objects,https://xmpp.org/extensions/xep-0204.html,Avoid,1.90,Unsupported,Not provided by source CSV; inspect XEP page for superseding guidance.
Deferred,XEP-0209,XEP-0209,209,Metacontacts,https://xmpp.org/extensions/xep-0209.html,Avoid,3.90,Unsupported,Not provided by source CSV; inspect XEP page for superseding guidance.
Deferred,XEP-0210,XEP-0210,210,Requirements for Encrypted Sessions,https://xmpp.org/extensions/xep-0210.html,Defer,4.30,Unsupported,Not provided by source CSV; inspect XEP page for superseding guidance.
Deferred,XEP-0214,XEP-0214,214,File Repository and Sharing,https://xmpp.org/extensions/xep-0214.html,Avoid,3.00,Unsupported,Not provided by source CSV; inspect XEP page for superseding guidance.
Deferred,XEP-0217,XEP-0217,217,Simplified Encrypted Session Negotiation,https://xmpp.org/extensions/xep-0217.html,Defer,4.30,Unsupported,Not provided by source CSV; inspect XEP page for superseding guidance.
Deferred,XEP-0218,XEP-0218,218,Bootstrapping Implementation of Encrypted Sessions,https://xmpp.org/extensions/xep-0218.html,Avoid,3.60,Unsupported,Not provided by source CSV; inspect XEP page for superseding guidance.
Deferred,XEP-0225,XEP-0225,225,Component Connections,https://xmpp.org/extensions/xep-0225.html,Avoid,3.90,Unsupported,Not provided by source CSV; inspect XEP page for superseding guidance.
Deferred,XEP-0226,XEP-0226,226,Message Stanza Profiles,https://xmpp.org/extensions/xep-0226.html,Defer,4.40,Unsupported,Not provided by source CSV; inspect XEP page for superseding guidance.
Deferred,XEP-0228,XEP-0228,228,Requirements for Shared Editing,https://xmpp.org/extensions/xep-0228.html,Avoid,1.90,Unsupported,Not provided by source CSV; inspect XEP page for superseding guidance.
Deferred,XEP-0230,XEP-0230,230,Service Discovery Notifications,https://xmpp.org/extensions/xep-0230.html,Avoid,3.30,Unsupported,Not provided by source CSV; inspect XEP page for superseding guidance.
Deferred,XEP-0232,XEP-0232,232,Software Information,https://xmpp.org/extensions/xep-0232.html,Avoid,2.90,Unsupported,Not provided by source CSV; inspect XEP page for superseding guidance.
Deferred,XEP-0234,XEP-0234,234,Jingle File Transfer,https://xmpp.org/extensions/xep-0234.html,Implement,7.90,Unsupported,Not provided by source CSV; inspect XEP page for superseding guidance.
Deferred,XEP-0235,XEP-0235,235,OAuth Over XMPP,https://xmpp.org/extensions/xep-0235.html,Defer,5.30,Unsupported,Not provided by source CSV; inspect XEP page for superseding guidance.
Deferred,XEP-0238,XEP-0238,238,XMPP Protocol Flows for Inter-Domain Federation,https://xmpp.org/extensions/xep-0238.html,Avoid,1.20,Unsupported,Not provided by source CSV; inspect XEP page for superseding guidance.
Deferred,XEP-0240,XEP-0240,240,Auto-Discovery of JabberIDs,https://xmpp.org/extensions/xep-0240.html,Avoid,1.90,Unsupported,Not provided by source CSV; inspect XEP page for superseding guidance.
Deferred,XEP-0241,XEP-0241,241,Encryption of Archived Messages,https://xmpp.org/extensions/xep-0241.html,Defer,5.40,Unsupported,Not provided by source CSV; inspect XEP page for superseding guidance.
Deferred,XEP-0244,XEP-0244,244,IO Data,https://xmpp.org/extensions/xep-0244.html,Avoid,1.90,Unsupported,Not provided by source CSV; inspect XEP page for superseding guidance.
Deferred,XEP-0246,XEP-0246,246,End-to-End XML Streams,https://xmpp.org/extensions/xep-0246.html,Avoid,1.90,Unsupported,Not provided by source CSV; inspect XEP page for superseding guidance.
Deferred,XEP-0247,XEP-0247,247,Jingle XML Streams,https://xmpp.org/extensions/xep-0247.html,Avoid,3.80,Unsupported,Not provided by source CSV; inspect XEP page for superseding guidance.
Deferred,XEP-0248,XEP-0248,248,PubSub Collection Nodes,https://xmpp.org/extensions/xep-0248.html,Defer,4.22,Unsupported,Not provided by source CSV; inspect XEP page for superseding guidance.
Deferred,XEP-0250,XEP-0250,250,C2C Authentication Using TLS,https://xmpp.org/extensions/xep-0250.html,Defer,4.30,Unsupported,Not provided by source CSV; inspect XEP page for superseding guidance.
Deferred,XEP-0251,XEP-0251,251,Jingle Session Transfer,https://xmpp.org/extensions/xep-0251.html,Defer,4.80,Unsupported,Not provided by source CSV; inspect XEP page for superseding guidance.
Deferred,XEP-0252,XEP-0252,252,BOSH Script Syntax,https://xmpp.org/extensions/xep-0252.html,Avoid,0.50,Unsupported,Not provided by source CSV; inspect XEP page for superseding guidance.
Deferred,XEP-0253,XEP-0253,253,PubSub Chaining,https://xmpp.org/extensions/xep-0253.html,Avoid,3.48,Unsupported,Not provided by source CSV; inspect XEP page for superseding guidance.
Deferred,XEP-0254,XEP-0254,254,PubSub Queueing,https://xmpp.org/extensions/xep-0254.html,Avoid,1.90,Unsupported,Not provided by source CSV; inspect XEP page for superseding guidance.
Deferred,XEP-0255,XEP-0255,255,Location Query,https://xmpp.org/extensions/xep-0255.html,Avoid,1.90,Unsupported,Not provided by source CSV; inspect XEP page for superseding guidance.
Deferred,XEP-0257,XEP-0257,257,Client Certificate Management for SASL EXTERNAL,https://xmpp.org/extensions/xep-0257.html,Defer,6.30,Unsupported,Not provided by source CSV; inspect XEP page for superseding guidance.
Deferred,XEP-0259,XEP-0259,259,Message Mine-ing,https://xmpp.org/extensions/xep-0259.html,Avoid,3.00,Unsupported,Not provided by source CSV; inspect XEP page for superseding guidance.
Deferred,XEP-0265,XEP-0265,265,Out-of-Band Stream Data,https://xmpp.org/extensions/xep-0265.html,Avoid,1.90,Unsupported,Not provided by source CSV; inspect XEP page for superseding guidance.
Deferred,XEP-0267,XEP-0267,267,Server Buddies,https://xmpp.org/extensions/xep-0267.html,Avoid,3.80,Unsupported,Not provided by source CSV; inspect XEP page for superseding guidance.
Deferred,XEP-0268,XEP-0268,268,Incident Handling,https://xmpp.org/extensions/xep-0268.html,Avoid,2.90,Unsupported,Not provided by source CSV; inspect XEP page for superseding guidance.
Deferred,XEP-0269,XEP-0269,269,Jingle Early Media,https://xmpp.org/extensions/xep-0269.html,Avoid,3.80,Unsupported,Not provided by source CSV; inspect XEP page for superseding guidance.
Deferred,XEP-0271,XEP-0271,271,XMPP Nodes,https://xmpp.org/extensions/xep-0271.html,Avoid,1.20,Unsupported,Not provided by source CSV; inspect XEP page for superseding guidance.
Deferred,XEP-0273,XEP-0273,273,Stanza Interception and Filtering Technology (SIFT),https://xmpp.org/extensions/xep-0273.html,Avoid,2.90,Unsupported,Not provided by source CSV; inspect XEP page for superseding guidance.
Deferred,XEP-0274,XEP-0274,274,Design Considerations for Digital Signatures in XMPP,https://xmpp.org/extensions/xep-0274.html,Avoid,1.20,Unsupported,Not provided by source CSV; inspect XEP page for superseding guidance.
Deferred,XEP-0275,XEP-0275,275,Entity Reputation,https://xmpp.org/extensions/xep-0275.html,Avoid,1.90,Unsupported,Not provided by source CSV; inspect XEP page for superseding guidance.
Deferred,XEP-0276,XEP-0276,276,Presence Decloaking,https://xmpp.org/extensions/xep-0276.html,Avoid,3.00,Unsupported,Not provided by source CSV; inspect XEP page for superseding guidance.
Deferred,XEP-0277,XEP-0277,277,Microblogging over XMPP,https://xmpp.org/extensions/xep-0277.html,Defer,4.22,Unsupported,Not provided by source CSV; inspect XEP page for superseding guidance.
Deferred,XEP-0278,XEP-0278,278,Jingle Relay Nodes,https://xmpp.org/extensions/xep-0278.html,Defer,5.80,Unsupported,Not provided by source CSV; inspect XEP page for superseding guidance.
Deferred,XEP-0279,XEP-0279,279,Server IP Check,https://xmpp.org/extensions/xep-0279.html,Defer,5.38,Unsupported,Not provided by source CSV; inspect XEP page for superseding guidance.
Deferred,XEP-0282,XEP-0282,282,DMUC2: Distributed MUC,https://xmpp.org/extensions/xep-0282.html,Avoid,3.00,Unsupported,Not provided by source CSV; inspect XEP page for superseding guidance.
Deferred,XEP-0285,XEP-0285,285,Encapsulating Digital Signatures in XMPP,https://xmpp.org/extensions/xep-0285.html,Avoid,1.90,Unsupported,Not provided by source CSV; inspect XEP page for superseding guidance.
Deferred,XEP-0287,XEP-0287,287,Spim Markers and Reports,https://xmpp.org/extensions/xep-0287.html,Avoid,1.90,Unsupported,Not provided by source CSV; inspect XEP page for superseding guidance.
Deferred,XEP-0289,XEP-0289,289,Federated MUC for Constrained Environments,https://xmpp.org/extensions/xep-0289.html,Avoid,4.00,Unsupported,Not provided by source CSV; inspect XEP page for superseding guidance.
Deferred,XEP-0290,XEP-0290,290,Encapsulated Digital Signatures in XMPP,https://xmpp.org/extensions/xep-0290.html,Avoid,1.90,Unsupported,Not provided by source CSV; inspect XEP page for superseding guidance.
Deferred,XEP-0291,XEP-0291,291,Service Delegation,https://xmpp.org/extensions/xep-0291.html,Avoid,1.90,Unsupported,Not provided by source CSV; inspect XEP page for superseding guidance.
Deferred,XEP-0296,XEP-0296,296,Best Practices for Resource Locking,https://xmpp.org/extensions/xep-0296.html,Avoid,2.20,Unsupported,Not provided by source CSV; inspect XEP page for superseding guidance.
Deferred,XEP-0298,XEP-0298,298,Delivering Conference Information to Jingle Participants (Coin),https://xmpp.org/extensions/xep-0298.html,Defer,5.38,Unsupported,Not provided by source CSV; inspect XEP page for superseding guidance.
Deferred,XEP-0299,XEP-0299,299,Codecs for Jingle Video,https://xmpp.org/extensions/xep-0299.html,Avoid,3.80,Unsupported,Not provided by source CSV; inspect XEP page for superseding guidance.
Deferred,XEP-0303,XEP-0303,303,Commenting,https://xmpp.org/extensions/xep-0303.html,Avoid,1.90,Unsupported,Not provided by source CSV; inspect XEP page for superseding guidance.
Deferred,XEP-0304,XEP-0304,304,Whitespace Keepalive Negotiation,https://xmpp.org/extensions/xep-0304.html,Avoid,2.80,Unsupported,Not provided by source CSV; inspect XEP page for superseding guidance.
Deferred,XEP-0305,XEP-0305,305,XMPP Quickstart,https://xmpp.org/extensions/xep-0305.html,Avoid,2.90,Unsupported,Not provided by source CSV; inspect XEP page for superseding guidance.
Deferred,XEP-0306,XEP-0306,306,Extensible Status Conditions for Multi-User Chat,https://xmpp.org/extensions/xep-0306.html,Avoid,4.00,Unsupported,Not provided by source CSV; inspect XEP page for superseding guidance.
Deferred,XEP-0307,XEP-0307,307,Unique Room Names for Multi-User Chat,https://xmpp.org/extensions/xep-0307.html,Defer,4.58,Unsupported,Not provided by source CSV; inspect XEP page for superseding guidance.
Deferred,XEP-0309,XEP-0309,309,Service Directories,https://xmpp.org/extensions/xep-0309.html,Avoid,2.90,Unsupported,Not provided by source CSV; inspect XEP page for superseding guidance.
Deferred,XEP-0310,XEP-0310,310,Presence State Annotations,https://xmpp.org/extensions/xep-0310.html,Avoid,3.00,Unsupported,Not provided by source CSV; inspect XEP page for superseding guidance.
Deferred,XEP-0311,XEP-0311,311,MUC Fast Reconnect,https://xmpp.org/extensions/xep-0311.html,Avoid,3.00,Unsupported,Not provided by source CSV; inspect XEP page for superseding guidance.
Deferred,XEP-0312,XEP-0312,312,PubSub Since,https://xmpp.org/extensions/xep-0312.html,Avoid,1.90,Unsupported,Not provided by source CSV; inspect XEP page for superseding guidance.
Deferred,XEP-0314,XEP-0314,314,Security Labels in PubSub,https://xmpp.org/extensions/xep-0314.html,Defer,4.30,Unsupported,Not provided by source CSV; inspect XEP page for superseding guidance.
Deferred,XEP-0315,XEP-0315,315,Data Forms XML Element,https://xmpp.org/extensions/xep-0315.html,Avoid,1.90,Unsupported,Not provided by source CSV; inspect XEP page for superseding guidance.
Deferred,XEP-0316,XEP-0316,316,MUC Eventing Protocol,https://xmpp.org/extensions/xep-0316.html,Avoid,3.00,Unsupported,Not provided by source CSV; inspect XEP page for superseding guidance.
Deferred,XEP-0318,XEP-0318,318,Best Practices for Client Initiated Presence Probes,https://xmpp.org/extensions/xep-0318.html,Avoid,3.30,Unsupported,Not provided by source CSV; inspect XEP page for superseding guidance.
Deferred,XEP-0321,XEP-0321,321,Remote Roster Management,https://xmpp.org/extensions/xep-0321.html,Avoid,4.00,Unsupported,Not provided by source CSV; inspect XEP page for superseding guidance.
Deferred,XEP-0322,XEP-0322,322,Efficient XML Interchange (EXI) Format,https://xmpp.org/extensions/xep-0322.html,Avoid,2.90,Unsupported,Not provided by source CSV; inspect XEP page for superseding guidance.
Deferred,XEP-0327,XEP-0327,327,Rayo,https://xmpp.org/extensions/xep-0327.html,Avoid,1.90,Unsupported,Not provided by source CSV; inspect XEP page for superseding guidance.
Deferred,XEP-0328,XEP-0328,328,JID Preparation and Validation Service,https://xmpp.org/extensions/xep-0328.html,Defer,4.48,Unsupported,Not provided by source CSV; inspect XEP page for superseding guidance.
Deferred,XEP-0329,XEP-0329,329,File Information Sharing,https://xmpp.org/extensions/xep-0329.html,Avoid,3.00,Unsupported,Not provided by source CSV; inspect XEP page for superseding guidance.
Deferred,XEP-0330,XEP-0330,330,Pubsub Subscription,https://xmpp.org/extensions/xep-0330.html,Avoid,2.90,Unsupported,Not provided by source CSV; inspect XEP page for superseding guidance.
Deferred,XEP-0331,XEP-0331,331,Data Forms - Color Field Types,https://xmpp.org/extensions/xep-0331.html,Avoid,1.90,Unsupported,Not provided by source CSV; inspect XEP page for superseding guidance.
Deferred,XEP-0332,XEP-0332,332,HTTP over XMPP transport,https://xmpp.org/extensions/xep-0332.html,Avoid,2.90,Unsupported,Not provided by source CSV; inspect XEP page for superseding guidance.
Deferred,XEP-0335,XEP-0335,335,JSON Containers,https://xmpp.org/extensions/xep-0335.html,Avoid,3.48,Unsupported,Not provided by source CSV; inspect XEP page for superseding guidance.
Deferred,XEP-0336,XEP-0336,336,Data Forms - Dynamic Forms,https://xmpp.org/extensions/xep-0336.html,Avoid,2.90,Unsupported,Not provided by source CSV; inspect XEP page for superseding guidance.
Deferred,XEP-0337,XEP-0337,337,Event Logging over XMPP,https://xmpp.org/extensions/xep-0337.html,Avoid,1.90,Unsupported,Not provided by source CSV; inspect XEP page for superseding guidance.
Deferred,XEP-0340,XEP-0340,340,COnferences with LIghtweight BRIdging (COLIBRI),https://xmpp.org/extensions/xep-0340.html,Avoid,2.90,Unsupported,Not provided by source CSV; inspect XEP page for superseding guidance.
Deferred,XEP-0341,XEP-0341,341,Rayo CPA,https://xmpp.org/extensions/xep-0341.html,Avoid,1.90,Unsupported,Not provided by source CSV; inspect XEP page for superseding guidance.
Deferred,XEP-0342,XEP-0342,342,Rayo Fax,https://xmpp.org/extensions/xep-0342.html,Avoid,1.90,Unsupported,Not provided by source CSV; inspect XEP page for superseding guidance.
Deferred,XEP-0343,XEP-0343,343,Signaling WebRTC datachannels in Jingle,https://xmpp.org/extensions/xep-0343.html,Defer,6.28,Unsupported,Not provided by source CSV; inspect XEP page for superseding guidance.
Deferred,XEP-0344,XEP-0344,344,Impact of TLS and DNSSEC on Dialback,https://xmpp.org/extensions/xep-0344.html,Defer,5.30,Unsupported,Not provided by source CSV; inspect XEP page for superseding guidance.
Deferred,XEP-0346,XEP-0346,346,Form Discovery and Publishing,https://xmpp.org/extensions/xep-0346.html,Avoid,1.90,Unsupported,Not provided by source CSV; inspect XEP page for superseding guidance.
Deferred,XEP-0347,XEP-0347,347,Internet of Things - Discovery,https://xmpp.org/extensions/xep-0347.html,Avoid,1.90,Unsupported,Not provided by source CSV; inspect XEP page for superseding guidance.
Deferred,XEP-0348,XEP-0348,348,Signing Forms,https://xmpp.org/extensions/xep-0348.html,Avoid,1.90,Unsupported,Not provided by source CSV; inspect XEP page for superseding guidance.
Deferred,XEP-0349,XEP-0349,349,Rayo Clustering,https://xmpp.org/extensions/xep-0349.html,Avoid,1.90,Unsupported,Not provided by source CSV; inspect XEP page for superseding guidance.
Deferred,XEP-0350,XEP-0350,350,Data Forms Geolocation Element,https://xmpp.org/extensions/xep-0350.html,Avoid,1.90,Unsupported,Not provided by source CSV; inspect XEP page for superseding guidance.
Deferred,XEP-0351,XEP-0351,351,Recipient Server Side Notifications Filtering,https://xmpp.org/extensions/xep-0351.html,Defer,4.20,Unsupported,Not provided by source CSV; inspect XEP page for superseding guidance.
Deferred,XEP-0354,XEP-0354,354,Customizable Message Routing,https://xmpp.org/extensions/xep-0354.html,Avoid,3.00,Unsupported,Not provided by source CSV; inspect XEP page for superseding guidance.
Deferred,XEP-0357,XEP-0357,357,Push Notifications,https://xmpp.org/extensions/xep-0357.html,Defer,6.30,Unsupported,Not provided by source CSV; inspect XEP page for superseding guidance.
Deferred,XEP-0358,XEP-0358,358,Publishing Available Jingle Sessions,https://xmpp.org/extensions/xep-0358.html,Avoid,3.80,Unsupported,Not provided by source CSV; inspect XEP page for superseding guidance.
Deferred,XEP-0361,XEP-0361,361,Zero Handshake Server to Server Protocol,https://xmpp.org/extensions/xep-0361.html,Avoid,2.10,Unsupported,Not provided by source CSV; inspect XEP page for superseding guidance.
Deferred,XEP-0362,XEP-0362,362,Raft over XMPP,https://xmpp.org/extensions/xep-0362.html,Avoid,1.90,Unsupported,Not provided by source CSV; inspect XEP page for superseding guidance.
Deferred,XEP-0364,XEP-0364,364,Current Off-the-Record Messaging Usage,https://xmpp.org/extensions/xep-0364.html,Avoid,3.20,Unsupported,Not provided by source CSV; inspect XEP page for superseding guidance.
Deferred,XEP-0366,XEP-0366,366,Entity Versioning,https://xmpp.org/extensions/xep-0366.html,Avoid,1.90,Unsupported,Not provided by source CSV; inspect XEP page for superseding guidance.
Deferred,XEP-0367,XEP-0367,367,Message Attaching,https://xmpp.org/extensions/xep-0367.html,Defer,5.00,Unsupported,Not provided by source CSV; inspect XEP page for superseding guidance.
Deferred,XEP-0370,XEP-0370,370,Jingle HTTP Transport Method,https://xmpp.org/extensions/xep-0370.html,Avoid,3.80,Unsupported,Not provided by source CSV; inspect XEP page for superseding guidance.
Deferred,XEP-0371,XEP-0371,371,Jingle ICE Transport Method,https://xmpp.org/extensions/xep-0371.html,Defer,6.12,Unsupported,Not provided by source CSV; inspect XEP page for superseding guidance.
Deferred,XEP-0374,XEP-0374,374,OpenPGP for XMPP Instant Messaging,https://xmpp.org/extensions/xep-0374.html,Avoid,2.90,Unsupported,Not provided by source CSV; inspect XEP page for superseding guidance.
Deferred,XEP-0376,XEP-0376,376,Pubsub Account Management,https://xmpp.org/extensions/xep-0376.html,Avoid,1.90,Unsupported,Not provided by source CSV; inspect XEP page for superseding guidance.
Deferred,XEP-0378,XEP-0378,378,OTR Discovery,https://xmpp.org/extensions/xep-0378.html,Avoid,1.90,Unsupported,Not provided by source CSV; inspect XEP page for superseding guidance.
Deferred,XEP-0380,XEP-0380,380,Explicit Message Encryption,https://xmpp.org/extensions/xep-0380.html,Implement,8.40,Unsupported,Not provided by source CSV; inspect XEP page for superseding guidance.
Deferred,XEP-0382,XEP-0382,382,Spoiler messages,https://xmpp.org/extensions/xep-0382.html,Defer,5.58,Unsupported,Not provided by source CSV; inspect XEP page for superseding guidance.
Deferred,XEP-0385,🚧 XEP-0385,385,Stateless Inline Media Sharing (SIMS),https://xmpp.org/extensions/xep-0385.html,Implement,7.71,Partial,Not provided by source CSV; inspect XEP page for superseding guidance.
Deferred,XEP-0390,XEP-0390,390,Entity Capabilities 2.0,https://xmpp.org/extensions/xep-0390.html,Avoid,3.90,Unsupported,Not provided by source CSV; inspect XEP page for superseding guidance.
Deferred,XEP-0391,XEP-0391,391,Jingle Encrypted Transports,https://xmpp.org/extensions/xep-0391.html,Implement,8.78,Unsupported,Not provided by source CSV; inspect XEP page for superseding guidance.
Deferred,XEP-0395,XEP-0395,395,Atomically Compare-And-Publish PubSub Items,https://xmpp.org/extensions/xep-0395.html,Avoid,3.80,Unsupported,Not provided by source CSV; inspect XEP page for superseding guidance.
Deferred,XEP-0396,XEP-0396,396,Jingle Encrypted Transports - OMEMO,https://xmpp.org/extensions/xep-0396.html,Implement,8.78,Unsupported,Not provided by source CSV; inspect XEP page for superseding guidance.
Deferred,XEP-0397,XEP-0397,397,Instant Stream Resumption,https://xmpp.org/extensions/xep-0397.html,Avoid,1.90,Unsupported,Not provided by source CSV; inspect XEP page for superseding guidance.
Deferred,XEP-0399,XEP-0399,399,Client Key Support,https://xmpp.org/extensions/xep-0399.html,Avoid,1.90,Unsupported,Not provided by source CSV; inspect XEP page for superseding guidance.
Deferred,XEP-0400,XEP-0400,400,Multi-Factor Authentication with TOTP,https://xmpp.org/extensions/xep-0400.html,Defer,4.30,Unsupported,Not provided by source CSV; inspect XEP page for superseding guidance.
Deferred,XEP-0403,XEP-0403,403,Mediated Information eXchange (MIX): Presence Support.,https://xmpp.org/extensions/xep-0403.html,Defer,6.48,Unsupported,Not provided by source CSV; inspect XEP page for superseding guidance.
Deferred,XEP-0404,XEP-0404,404,Mediated Information eXchange (MIX): JID Hidden Channels.,https://xmpp.org/extensions/xep-0404.html,Defer,5.70,Unsupported,Not provided by source CSV; inspect XEP page for superseding guidance.
Deferred,XEP-0406,XEP-0406,406,Mediated Information eXchange (MIX): MIX Administration,https://xmpp.org/extensions/xep-0406.html,Defer,6.61,Unsupported,Not provided by source CSV; inspect XEP page for superseding guidance.
Deferred,XEP-0407,XEP-0407,407,Mediated Information eXchange (MIX): Miscellaneous Capabilities,https://xmpp.org/extensions/xep-0407.html,Defer,6.61,Unsupported,Not provided by source CSV; inspect XEP page for superseding guidance.
Deferred,XEP-0408,XEP-0408,408,Mediated Information eXchange (MIX): Co-existence with MUC,https://xmpp.org/extensions/xep-0408.html,Defer,4.90,Unsupported,Not provided by source CSV; inspect XEP page for superseding guidance.
Deferred,XEP-0409,XEP-0409,409,IM Routing-NG,https://xmpp.org/extensions/xep-0409.html,Avoid,1.90,Unsupported,Not provided by source CSV; inspect XEP page for superseding guidance.
Deferred,XEP-0414,XEP-0414,414,Cryptographic Hash Function Recommendations for XMPP,https://xmpp.org/extensions/xep-0414.html,Defer,4.60,Unsupported,Not provided by source CSV; inspect XEP page for superseding guidance.
Deferred,XEP-0415,XEP-0415,415,XMPP Over RELOAD (XOR),https://xmpp.org/extensions/xep-0415.html,Avoid,1.90,Unsupported,Not provided by source CSV; inspect XEP page for superseding guidance.
Deferred,XEP-0416,XEP-0416,416,E2E Authentication in XMPP,https://xmpp.org/extensions/xep-0416.html,Defer,4.30,Unsupported,Not provided by source CSV; inspect XEP page for superseding guidance.
Deferred,XEP-0417,XEP-0417,417,E2E Authentication in XMPP: Certificate Issuance and Revocation,https://xmpp.org/extensions/xep-0417.html,Defer,5.30,Unsupported,Not provided by source CSV; inspect XEP page for superseding guidance.
Deferred,XEP-0418,XEP-0418,418,DNS Queries over XMPP (DoX),https://xmpp.org/extensions/xep-0418.html,Avoid,1.90,Unsupported,Not provided by source CSV; inspect XEP page for superseding guidance.
Deferred,XEP-0422,XEP-0422,422,Message Fastening,https://xmpp.org/extensions/xep-0422.html,Defer,6.00,Unsupported,Not provided by source CSV; inspect XEP page for superseding guidance.
Deferred,XEP-0427,XEP-0427,427,MAM Fastening Collation,https://xmpp.org/extensions/xep-0427.html,Avoid,1.90,Unsupported,Not provided by source CSV; inspect XEP page for superseding guidance.
Deferred,XEP-0430,XEP-0430,430,Inbox,https://xmpp.org/extensions/xep-0430.html,Avoid,2.90,Unsupported,Not provided by source CSV; inspect XEP page for superseding guidance.
Deferred,XEP-0431,XEP-0431,431,Full Text Search in MAM,https://xmpp.org/extensions/xep-0431.html,Avoid,3.48,Unsupported,Not provided by source CSV; inspect XEP page for superseding guidance.
Deferred,XEP-0432,XEP-0432,432,Simple JSON Messaging,https://xmpp.org/extensions/xep-0432.html,Avoid,2.90,Unsupported,Not provided by source CSV; inspect XEP page for superseding guidance.
Deferred,XEP-0433,XEP-0433,433,Extended Channel Search,https://xmpp.org/extensions/xep-0433.html,Defer,4.80,Unsupported,Not provided by source CSV; inspect XEP page for superseding guidance.
Deferred,XEP-0435,XEP-0435,435,Reminders,https://xmpp.org/extensions/xep-0435.html,Avoid,1.90,Unsupported,Not provided by source CSV; inspect XEP page for superseding guidance.
Deferred,XEP-0436,XEP-0436,436,MUC presence versioning,https://xmpp.org/extensions/xep-0436.html,Avoid,3.00,Unsupported,Not provided by source CSV; inspect XEP page for superseding guidance.
Deferred,XEP-0437,XEP-0437,437,Room Activity Indicators,https://xmpp.org/extensions/xep-0437.html,Avoid,3.90,Unsupported,Not provided by source CSV; inspect XEP page for superseding guidance.
Deferred,XEP-0439,XEP-0439,439,Quick Response,https://xmpp.org/extensions/xep-0439.html,Avoid,2.90,Unsupported,Not provided by source CSV; inspect XEP page for superseding guidance.
Deprecated,XEP-0013,XEP-0013,13,Flexible Offline Message Retrieval,https://xmpp.org/extensions/xep-0013.html,Defer,6.26,Unsupported,Not provided by source CSV; inspect XEP page for superseding guidance.
Deprecated,XEP-0016,XEP-0016,16,Privacy Lists,https://xmpp.org/extensions/xep-0016.html,Defer,5.35,Unsupported,Not provided by source CSV; inspect XEP page for superseding guidance.
Deprecated,XEP-0020,XEP-0020,20,Feature Negotiation,https://xmpp.org/extensions/xep-0020.html,Avoid,3.93,Unsupported,Not provided by source CSV; inspect XEP page for superseding guidance.
Deprecated,XEP-0048,🚧 XEP-0048,48,Bookmarks,https://xmpp.org/extensions/xep-0048.html,Implement,6.45,Partial,Not provided by source CSV; inspect XEP page for superseding guidance.
Deprecated,XEP-0071,🚧 XEP-0071,71,XHTML-IM,https://xmpp.org/extensions/xep-0071.html,Implement,5.35,Partial,Not provided by source CSV; inspect XEP page for superseding guidance.
Deprecated,XEP-0086,XEP-0086,86,Error Condition Mappings,https://xmpp.org/extensions/xep-0086.html,Defer,4.65,Unsupported,Not provided by source CSV; inspect XEP page for superseding guidance.
Deprecated,XEP-0093,XEP-0093,93,Roster Item Exchange,https://xmpp.org/extensions/xep-0093.html,Avoid,2.05,Unsupported,Not provided by source CSV; inspect XEP page for superseding guidance.
Deprecated,XEP-0095,XEP-0095,95,Stream Initiation,https://xmpp.org/extensions/xep-0095.html,Avoid,2.36,Unsupported,Not provided by source CSV; inspect XEP page for superseding guidance.
Deprecated,XEP-0096,XEP-0096,96,SI File Transfer,https://xmpp.org/extensions/xep-0096.html,Avoid,3.65,Unsupported,Not provided by source CSV; inspect XEP page for superseding guidance.
Deprecated,XEP-0126,XEP-0126,126,Invisibility,https://xmpp.org/extensions/xep-0126.html,Avoid,3.97,Unsupported,Not provided by source CSV; inspect XEP page for superseding guidance.
Deprecated,XEP-0130,XEP-0130,130,Waiting Lists,https://xmpp.org/extensions/xep-0130.html,Avoid,0.00,Unsupported,Not provided by source CSV; inspect XEP page for superseding guidance.
Deprecated,XEP-0136,XEP-0136,136,Message Archiving,https://xmpp.org/extensions/xep-0136.html,Defer,5.45,Unsupported,Not provided by source CSV; inspect XEP page for superseding guidance.
Deprecated,XEP-0137,XEP-0137,137,Publishing Stream Initiation Requests,https://xmpp.org/extensions/xep-0137.html,Avoid,0.00,Unsupported,Not provided by source CSV; inspect XEP page for superseding guidance.
Deprecated,XEP-0256,XEP-0256,256,Last Activity in Presence,https://xmpp.org/extensions/xep-0256.html,Defer,5.45,Unsupported,Not provided by source CSV; inspect XEP page for superseding guidance.
Deprecated,XEP-0411,XEP-0411,411,Bookmarks Conversion,https://xmpp.org/extensions/xep-0411.html,Defer,6.45,Unsupported,Not provided by source CSV; inspect XEP page for superseding guidance.
Obsolete,XEP-0003,XEP-0003,3,Proxy Accept Socket Service (PASS),https://xmpp.org/extensions/xep-0003.html,Avoid,0.00,Unsupported,Not provided by source CSV; inspect XEP page for superseding guidance.
Obsolete,XEP-0005,XEP-0005,5,Jabber Interest Groups,https://xmpp.org/extensions/xep-0005.html,Avoid,0.00,Unsupported,Not provided by source CSV; inspect XEP page for superseding guidance.
Obsolete,XEP-0006,XEP-0006,6,Profiles,https://xmpp.org/extensions/xep-0006.html,Avoid,0.90,Unsupported,Not provided by source CSV; inspect XEP page for superseding guidance.
Obsolete,XEP-0007,XEP-0007,7,Conferencing SIG,https://xmpp.org/extensions/xep-0007.html,Avoid,0.00,Unsupported,Not provided by source CSV; inspect XEP page for superseding guidance.
Obsolete,XEP-0008,XEP-0008,8,IQ-Based Avatars,https://xmpp.org/extensions/xep-0008.html,Avoid,0.00,Unsupported,Not provided by source CSV; inspect XEP page for superseding guidance.
Obsolete,XEP-0010,XEP-0010,10,Whiteboarding SIG,https://xmpp.org/extensions/xep-0010.html,Avoid,0.00,Unsupported,Not provided by source CSV; inspect XEP page for superseding guidance.
Obsolete,XEP-0011,XEP-0011,11,Jabber Browsing,https://xmpp.org/extensions/xep-0011.html,Avoid,0.00,Unsupported,Not provided by source CSV; inspect XEP page for superseding guidance.
Obsolete,XEP-0022,XEP-0022,22,Message Events,https://xmpp.org/extensions/xep-0022.html,Avoid,0.00,Unsupported,Not provided by source CSV; inspect XEP page for superseding guidance.
Obsolete,XEP-0023,XEP-0023,23,Message Expiration,https://xmpp.org/extensions/xep-0023.html,Avoid,0.65,Unsupported,Not provided by source CSV; inspect XEP page for superseding guidance.
Obsolete,XEP-0025,XEP-0025,25,Jabber HTTP Polling,https://xmpp.org/extensions/xep-0025.html,Avoid,0.00,Unsupported,Not provided by source CSV; inspect XEP page for superseding guidance.
Obsolete,XEP-0027,XEP-0027,27,Current Jabber OpenPGP Usage,https://xmpp.org/extensions/xep-0027.html,Avoid,0.55,Unsupported,Not provided by source CSV; inspect XEP page for superseding guidance.
Obsolete,XEP-0038,XEP-0038,38,Icon Styles,https://xmpp.org/extensions/xep-0038.html,Avoid,0.95,Unsupported,Not provided by source CSV; inspect XEP page for superseding guidance.
Obsolete,XEP-0051,XEP-0051,51,Connection Transfer,https://xmpp.org/extensions/xep-0051.html,Avoid,0.00,Unsupported,Not provided by source CSV; inspect XEP page for superseding guidance.
Obsolete,XEP-0073,XEP-0073,73,Basic IM Protocol Suite,https://xmpp.org/extensions/xep-0073.html,Avoid,1.95,Unsupported,Not provided by source CSV; inspect XEP page for superseding guidance.
Obsolete,XEP-0078,XEP-0078,78,Non-SASL Authentication,https://xmpp.org/extensions/xep-0078.html,Avoid,5.35,Unsupported,Not provided by source CSV; inspect XEP page for superseding guidance.
Obsolete,XEP-0090,XEP-0090,90,Legacy Entity Time,https://xmpp.org/extensions/xep-0090.html,Avoid,0.00,Unsupported,Not provided by source CSV; inspect XEP page for superseding guidance.
Obsolete,XEP-0091,XEP-0091,91,Legacy Delayed Delivery,https://xmpp.org/extensions/xep-0091.html,Avoid,0.00,Unsupported,Not provided by source CSV; inspect XEP page for superseding guidance.
Obsolete,XEP-0094,XEP-0094,94,Agent Information,https://xmpp.org/extensions/xep-0094.html,Avoid,0.00,Unsupported,Not provided by source CSV; inspect XEP page for superseding guidance.
Obsolete,XEP-0112,XEP-0112,112,User Physical Location,https://xmpp.org/extensions/xep-0112.html,Avoid,0.00,Unsupported,Not provided by source CSV; inspect XEP page for superseding guidance.
Obsolete,XEP-0117,XEP-0117,117,Intermediate IM Protocol Suite,https://xmpp.org/extensions/xep-0117.html,Avoid,1.85,Unsupported,Not provided by source CSV; inspect XEP page for superseding guidance.
Obsolete,XEP-0138,XEP-0138,138,Stream Compression,https://xmpp.org/extensions/xep-0138.html,Avoid,2.95,Unsupported,Not provided by source CSV; inspect XEP page for superseding guidance.
Obsolete,XEP-0146,XEP-0146,146,Remote Controlling Clients,https://xmpp.org/extensions/xep-0146.html,Avoid,1.25,Unsupported,Not provided by source CSV; inspect XEP page for superseding guidance.
Obsolete,XEP-0190,XEP-0190,190,Best Practice for Closing Idle Streams,https://xmpp.org/extensions/xep-0190.html,Avoid,0.83,Unsupported,Not provided by source CSV; inspect XEP page for superseding guidance.
Obsolete,XEP-0192,XEP-0192,192,Proposed Stream Feature Improvements,https://xmpp.org/extensions/xep-0192.html,Avoid,0.00,Unsupported,Not provided by source CSV; inspect XEP page for superseding guidance.
Obsolete,XEP-0193,XEP-0193,193,Proposed Resource Binding Improvements,https://xmpp.org/extensions/xep-0193.html,Avoid,0.00,Unsupported,Not provided by source CSV; inspect XEP page for superseding guidance.
Obsolete,XEP-0211,XEP-0211,211,XMPP Basic Client 2008,https://xmpp.org/extensions/xep-0211.html,Avoid,0.95,Unsupported,Not provided by source CSV; inspect XEP page for superseding guidance.
Obsolete,XEP-0212,XEP-0212,212,XMPP Basic Server 2008,https://xmpp.org/extensions/xep-0212.html,Avoid,2.85,Unsupported,Not provided by source CSV; inspect XEP page for superseding guidance.
Obsolete,XEP-0213,XEP-0213,213,XMPP Intermediate IM Client 2008,https://xmpp.org/extensions/xep-0213.html,Avoid,2.85,Unsupported,Not provided by source CSV; inspect XEP page for superseding guidance.
Obsolete,XEP-0216,XEP-0216,216,XMPP Intermediate IM Server 2008,https://xmpp.org/extensions/xep-0216.html,Avoid,2.75,Unsupported,Not provided by source CSV; inspect XEP page for superseding guidance.
Obsolete,XEP-0229,XEP-0229,229,Stream Compression with LZW,https://xmpp.org/extensions/xep-0229.html,Avoid,0.00,Unsupported,Not provided by source CSV; inspect XEP page for superseding guidance.
Obsolete,XEP-0237,XEP-0237,237,Roster Versioning,https://xmpp.org/extensions/xep-0237.html,Avoid,4.05,Unsupported,Not provided by source CSV; inspect XEP page for superseding guidance.
Obsolete,XEP-0242,XEP-0242,242,XMPP Client Compliance 2009,https://xmpp.org/extensions/xep-0242.html,Avoid,0.95,Unsupported,Not provided by source CSV; inspect XEP page for superseding guidance.
Obsolete,XEP-0243,XEP-0243,243,XMPP Server Compliance 2009,https://xmpp.org/extensions/xep-0243.html,Avoid,0.85,Unsupported,Not provided by source CSV; inspect XEP page for superseding guidance.
Obsolete,XEP-0270,XEP-0270,270,XMPP Compliance Suites 2010,https://xmpp.org/extensions/xep-0270.html,Avoid,0.95,Unsupported,Not provided by source CSV; inspect XEP page for superseding guidance.
Obsolete,XEP-0302,XEP-0302,302,XMPP Compliance Suites 2012,https://xmpp.org/extensions/xep-0302.html,Avoid,2.27,Unsupported,Not provided by source CSV; inspect XEP page for superseding guidance.
Obsolete,XEP-0387,XEP-0387,387,XMPP Compliance Suites 2018,https://xmpp.org/extensions/xep-0387.html,Avoid,1.53,Unsupported,Not provided by source CSV; inspect XEP page for superseding guidance.
Obsolete,XEP-0412,XEP-0412,412,XMPP Compliance Suites 2019,https://xmpp.org/extensions/xep-0412.html,Avoid,0.00,Unsupported,Not provided by source CSV; inspect XEP page for superseding guidance.
Obsolete,XEP-0423,XEP-0423,423,XMPP Compliance Suites 2020,https://xmpp.org/extensions/xep-0423.html,Avoid,1.95,Unsupported,Not provided by source CSV; inspect XEP page for superseding guidance.
Obsolete,XEP-0443,XEP-0443,443,XMPP Compliance Suites 2021,https://xmpp.org/extensions/xep-0443.html,Avoid,0.00,Unsupported,Not provided by source CSV; inspect XEP page for superseding guidance.
Obsolete,XEP-0459,XEP-0459,459,XMPP Compliance Suites 2022,https://xmpp.org/extensions/xep-0459.html,Avoid,0.00,Unsupported,Not provided by source CSV; inspect XEP page for superseding guidance.
Rejected,XEP-0014,XEP-0014,14,Message Tone,https://xmpp.org/extensions/xep-0014.html,Avoid,1.05,Unsupported,Not provided by source CSV; inspect XEP page for superseding guidance.
Rejected,XEP-0015,XEP-0015,15,Account Transfer,https://xmpp.org/extensions/xep-0015.html,Avoid,0.00,Unsupported,Not provided by source CSV; inspect XEP page for superseding guidance.
Rejected,XEP-0017,XEP-0017,17,Naive Packet Framing Protocol,https://xmpp.org/extensions/xep-0017.html,Avoid,0.00,Unsupported,Not provided by source CSV; inspect XEP page for superseding guidance.
Rejected,XEP-0018,XEP-0018,18,Invisible Presence,https://xmpp.org/extensions/xep-0018.html,Avoid,1.35,Unsupported,Not provided by source CSV; inspect XEP page for superseding guidance.
Rejected,XEP-0037,XEP-0037,37,DSPS - Data Stream Proxy Service,https://xmpp.org/extensions/xep-0037.html,Avoid,0.00,Unsupported,Not provided by source CSV; inspect XEP page for superseding guidance.
Rejected,XEP-0360,XEP-0360,360,Nonzas (are not Stanzas),https://xmpp.org/extensions/xep-0360.html,Avoid,0.00,Unsupported,Not provided by source CSV; inspect XEP page for superseding guidance.
Retracted,XEP-0021,XEP-0021,21,Jabber Event Notification Service (ENS),https://xmpp.org/extensions/xep-0021.html,Avoid,1.35,Unsupported,Not provided by source CSV; inspect XEP page for superseding guidance.
Retracted,XEP-0024,XEP-0024,24,Publish/Subscribe,https://xmpp.org/extensions/xep-0024.html,Avoid,0.00,Unsupported,Not provided by source CSV; inspect XEP page for superseding guidance.
Retracted,XEP-0026,XEP-0026,26,Internationalization (I18N),https://xmpp.org/extensions/xep-0026.html,Avoid,0.00,Unsupported,Not provided by source CSV; inspect XEP page for superseding guidance.
Retracted,XEP-0028,XEP-0028,28,No Such XEP,https://xmpp.org/extensions/xep-0028.html,Avoid,0.25,Unsupported,Not provided by source CSV; inspect XEP page for superseding guidance.
Retracted,XEP-0029,XEP-0029,29,Definition of Jabber Identifiers (JIDs),https://xmpp.org/extensions/xep-0029.html,Avoid,0.00,Unsupported,Not provided by source CSV; inspect XEP page for superseding guidance.
Retracted,XEP-0032,XEP-0032,32,Jabber URI Scheme,https://xmpp.org/extensions/xep-0032.html,Avoid,0.00,Unsupported,Not provided by source CSV; inspect XEP page for superseding guidance.
Retracted,XEP-0034,XEP-0034,34,SASL Integration,https://xmpp.org/extensions/xep-0034.html,Avoid,2.35,Unsupported,Not provided by source CSV; inspect XEP page for superseding guidance.
Retracted,XEP-0035,XEP-0035,35,SSL/TLS Integration,https://xmpp.org/extensions/xep-0035.html,Avoid,2.35,Unsupported,Not provided by source CSV; inspect XEP page for superseding guidance.
Retracted,XEP-0036,XEP-0036,36,Pub-Sub Subscriptions,https://xmpp.org/extensions/xep-0036.html,Avoid,0.00,Unsupported,Not provided by source CSV; inspect XEP page for superseding guidance.
Retracted,XEP-0040,XEP-0040,40,Jabber Robust Publish-Subscribe,https://xmpp.org/extensions/xep-0040.html,Avoid,0.00,Unsupported,Not provided by source CSV; inspect XEP page for superseding guidance.
Retracted,XEP-0041,XEP-0041,41,Reliable Entity Link,https://xmpp.org/extensions/xep-0041.html,Avoid,0.00,Unsupported,Not provided by source CSV; inspect XEP page for superseding guidance.
Retracted,XEP-0042,XEP-0042,42,Jabber OOB Broadcast Service (JOBS),https://xmpp.org/extensions/xep-0042.html,Avoid,1.05,Unsupported,Not provided by source CSV; inspect XEP page for superseding guidance.
Retracted,XEP-0043,XEP-0043,43,Jabber Database Access,https://xmpp.org/extensions/xep-0043.html,Avoid,0.00,Unsupported,Not provided by source CSV; inspect XEP page for superseding guidance.
Retracted,XEP-0046,XEP-0046,46,DTCP,https://xmpp.org/extensions/xep-0046.html,Avoid,0.00,Unsupported,Not provided by source CSV; inspect XEP page for superseding guidance.
Retracted,XEP-0052,XEP-0052,52,File Transfer,https://xmpp.org/extensions/xep-0052.html,Avoid,1.05,Unsupported,Not provided by source CSV; inspect XEP page for superseding guidance.
Retracted,XEP-0057,XEP-0057,57,Extended Roster,https://xmpp.org/extensions/xep-0057.html,Avoid,1.05,Unsupported,Not provided by source CSV; inspect XEP page for superseding guidance.
Retracted,XEP-0074,XEP-0074,74,Simple Access Control,https://xmpp.org/extensions/xep-0074.html,Avoid,0.00,Unsupported,Not provided by source CSV; inspect XEP page for superseding guidance.
Retracted,XEP-0081,XEP-0081,81,Jabber MIME Type,https://xmpp.org/extensions/xep-0081.html,Avoid,0.00,Unsupported,Not provided by source CSV; inspect XEP page for superseding guidance.
Retracted,XEP-0087,XEP-0087,87,Stream Initiation,https://xmpp.org/extensions/xep-0087.html,Avoid,0.00,Unsupported,Not provided by source CSV; inspect XEP page for superseding guidance.
Retracted,XEP-0111,XEP-0111,111,A Transport for Initiating and Negotiating Sessions (TINS),https://xmpp.org/extensions/xep-0111.html,Avoid,0.00,Unsupported,Not provided by source CSV; inspect XEP page for superseding guidance.
Retracted,XEP-0119,XEP-0119,119,Extended Presence Protocol Suite,https://xmpp.org/extensions/xep-0119.html,Avoid,1.05,Unsupported,Not provided by source CSV; inspect XEP page for superseding guidance.
Retracted,XEP-0120,XEP-0120,120,Infobits,https://xmpp.org/extensions/xep-0120.html,Avoid,0.00,Unsupported,Not provided by source CSV; inspect XEP page for superseding guidance.
Retracted,XEP-0121,XEP-0121,121,Dublin Core Infobits Mapping,https://xmpp.org/extensions/xep-0121.html,Avoid,0.00,Unsupported,Not provided by source CSV; inspect XEP page for superseding guidance.
Retracted,XEP-0123,XEP-0123,123,Entity Metadata,https://xmpp.org/extensions/xep-0123.html,Avoid,0.00,Unsupported,Not provided by source CSV; inspect XEP page for superseding guidance.
Retracted,XEP-0125,XEP-0125,125,vCard Infobits Mapping,https://xmpp.org/extensions/xep-0125.html,Avoid,0.25,Unsupported,Not provided by source CSV; inspect XEP page for superseding guidance.
Retracted,XEP-0139,XEP-0139,139,Security SIG,https://xmpp.org/extensions/xep-0139.html,Avoid,1.20,Unsupported,Not provided by source CSV; inspect XEP page for superseding guidance.
Retracted,XEP-0140,XEP-0140,140,Shared Groups,https://xmpp.org/extensions/xep-0140.html,Avoid,0.00,Unsupported,Not provided by source CSV; inspect XEP page for superseding guidance.
Retracted,XEP-0180,XEP-0180,180,Jingle Video via RTP,https://xmpp.org/extensions/xep-0180.html,Avoid,1.85,Unsupported,Not provided by source CSV; inspect XEP page for superseding guidance.
Retracted,XEP-0208,XEP-0208,208,Bootstrapping Implementation of Jingle,https://xmpp.org/extensions/xep-0208.html,Avoid,1.15,Unsupported,Not provided by source CSV; inspect XEP page for superseding guidance.
Retracted,XEP-0219,XEP-0219,219,Hop Check,https://xmpp.org/extensions/xep-0219.html,Avoid,0.00,Unsupported,Not provided by source CSV; inspect XEP page for superseding guidance.
Retracted,XEP-0236,XEP-0236,236,Abuse Reporting,https://xmpp.org/extensions/xep-0236.html,Avoid,0.00,Unsupported,Not provided by source CSV; inspect XEP page for superseding guidance.
Retracted,XEP-0281,XEP-0281,281,DMUC1: Distributed Multi-User Chat,https://xmpp.org/extensions/xep-0281.html,Avoid,1.05,Unsupported,Not provided by source CSV; inspect XEP page for superseding guidance.
Retracted,XEP-0323,XEP-0323,323,Internet of Things - Sensor Data,https://xmpp.org/extensions/xep-0323.html,Avoid,0.95,Unsupported,Not provided by source CSV; inspect XEP page for superseding guidance.
Retracted,XEP-0324,XEP-0324,324,Internet of Things - Provisioning,https://xmpp.org/extensions/xep-0324.html,Avoid,0.00,Unsupported,Not provided by source CSV; inspect XEP page for superseding guidance.
Retracted,XEP-0325,XEP-0325,325,Internet of Things - Control,https://xmpp.org/extensions/xep-0325.html,Avoid,0.95,Unsupported,Not provided by source CSV; inspect XEP page for superseding guidance.
Retracted,XEP-0326,XEP-0326,326,Internet of Things - Concentrators,https://xmpp.org/extensions/xep-0326.html,Avoid,0.00,Unsupported,Not provided by source CSV; inspect XEP page for superseding guidance.
Retracted,XEP-0375,XEP-0375,375,XMPP Compliance Suites 2016,https://xmpp.org/extensions/xep-0375.html,Avoid,1.53,Unsupported,Not provided by source CSV; inspect XEP page for superseding guidance.
ProtoXEP,ProtoXEP-0,ProtoXEP-0,,XMPP Transport Layer Security,https://xmpp.org/extensions/inbox/xtls.html,Avoid,3.15,Unsupported,-
ProtoXEP,ProtoXEP-1,ProtoXEP-1,,Jingle In-Band Bytestreams Transport,https://xmpp.org/extensions/inbox/jingle-ibb.html,Avoid,0.00,Unsupported,-
ProtoXEP,ProtoXEP-10,ProtoXEP-10,,Instant Gaming,https://xmpp.org/extensions/inbox/instant-gaming.html,Avoid,0.75,Unsupported,-
ProtoXEP,ProtoXEP-100,ProtoXEP-100,,Inbox,https://xmpp.org/extensions/inbox/inbox.html,Avoid,0.75,Unsupported,-
ProtoXEP,ProtoXEP-101,ProtoXEP-101,,Special Interests Group End to End Encryption,https://xmpp.org/extensions/inbox/sige2ee.html,Avoid,2.00,Unsupported,-
ProtoXEP,ProtoXEP-102,ProtoXEP-102,,Fallback Indication,https://xmpp.org/extensions/inbox/fallback.html,Avoid,0.75,Unsupported,-
ProtoXEP,ProtoXEP-103,ProtoXEP-103,,Full Text Search in MAM,https://xmpp.org/extensions/inbox/fulltext.html,Avoid,0.75,Unsupported,-
ProtoXEP,ProtoXEP-104,ProtoXEP-104,,Implicit XMPP WebSocket Endpoints,https://xmpp.org/extensions/inbox/xep-iwe.html,Avoid,0.75,Unsupported,-
ProtoXEP,ProtoXEP-105,ProtoXEP-105,,Simple JSON Messaging,https://xmpp.org/extensions/inbox/udt.html,Avoid,0.75,Unsupported,-
ProtoXEP,ProtoXEP-106,ProtoXEP-106,,Trust Messages,https://xmpp.org/extensions/inbox/trust-messages.html,Avoid,1.85,Unsupported,-
ProtoXEP,ProtoXEP-107,ProtoXEP-107,,Reminders,https://xmpp.org/extensions/inbox/reminders.html,Avoid,0.75,Unsupported,-
ProtoXEP,ProtoXEP-108,ProtoXEP-108,,Extended Channel Search,https://xmpp.org/extensions/inbox/extended-channel-search.html,Avoid,1.65,Unsupported,-
ProtoXEP,ProtoXEP-109,ProtoXEP-109,,MUC presence versioning,https://xmpp.org/extensions/inbox/muc-presence-versioning.html,Avoid,1.85,Unsupported,-
ProtoXEP,ProtoXEP-11,ProtoXEP-11,,Tic-tac-toe,https://xmpp.org/extensions/inbox/tictactoe.html,Avoid,0.75,Unsupported,-
ProtoXEP,ProtoXEP-110,ProtoXEP-110,,Room Activity Indicators,https://xmpp.org/extensions/inbox/room-activity-indicators.html,Avoid,0.75,Unsupported,-
ProtoXEP,ProtoXEP-111,ProtoXEP-111,,Best practices for password hashing and storage,https://xmpp.org/extensions/inbox/password-storage.html,Avoid,0.05,Unsupported,-
ProtoXEP,ProtoXEP-112,ProtoXEP-112,,Quick Response,https://xmpp.org/extensions/inbox/quick-response.html,Avoid,0.75,Unsupported,-
ProtoXEP,ProtoXEP-113,ProtoXEP-113,,Channel Binding Pseudomechanisms,https://xmpp.org/extensions/inbox/cb-pseudomechanisms.html,Avoid,1.65,Unsupported,-
ProtoXEP,ProtoXEP-114,ProtoXEP-114,,Bookmark Pinning,https://xmpp.org/extensions/inbox/bookmark-pinning.html,Avoid,1.85,Unsupported,-
ProtoXEP,ProtoXEP-115,ProtoXEP-115,,SASL Channel-Binding Type Capability,https://xmpp.org/extensions/inbox/xep-sasl-cb-types.html,Avoid,4.05,Unsupported,-
ProtoXEP,ProtoXEP-116,ProtoXEP-116,,XMPP Compliance Suites 2021,https://xmpp.org/extensions/inbox/cs-2021.html,Avoid,0.75,Unsupported,-
ProtoXEP,ProtoXEP-117,ProtoXEP-117,,Pre-Authenticated In-Band Registration,https://xmpp.org/extensions/inbox/ibr-token.html,Avoid,3.15,Unsupported,-
ProtoXEP,ProtoXEP-118,ProtoXEP-118,,File metadata element,https://xmpp.org/extensions/inbox/file-metadata.html,Avoid,1.85,Unsupported,-
ProtoXEP,ProtoXEP-119,ProtoXEP-119,,Stickers,https://xmpp.org/extensions/inbox/stickers.html,Avoid,0.75,Unsupported,-
ProtoXEP,ProtoXEP-12,ProtoXEP-12,,Out-of-Band Stream Data,https://xmpp.org/extensions/inbox/outofband.html,Avoid,0.75,Unsupported,-
ProtoXEP,ProtoXEP-120,ProtoXEP-120,,Automatic Trust Management (ATM),https://xmpp.org/extensions/inbox/automatic-trust-management.html,Avoid,0.75,Unsupported,-
ProtoXEP,ProtoXEP-121,ProtoXEP-121,,Stateless file sharing,https://xmpp.org/extensions/inbox/sfs.html,Avoid,1.85,Unsupported,-
ProtoXEP,ProtoXEP-122,ProtoXEP-122,,Encryption for stateless file sharing,https://xmpp.org/extensions/inbox/esfs.html,Avoid,4.25,Unsupported,-
ProtoXEP,ProtoXEP-123,ProtoXEP-123,,Stanza Multiplexing,https://xmpp.org/extensions/inbox/mux.html,Avoid,0.75,Unsupported,-
ProtoXEP,ProtoXEP-124,ProtoXEP-124,,MUC Mention Notifications,https://xmpp.org/extensions/inbox/muc-mention-notifications.html,Avoid,3.25,Unsupported,-
ProtoXEP,ProtoXEP-125,ProtoXEP-125,,DOAP usage in XMPP,https://xmpp.org/extensions/inbox/doap-usage-in-xmpp.html,Avoid,0.05,Unsupported,-
ProtoXEP,ProtoXEP-126,ProtoXEP-126,,OMEMO Media sharing,https://xmpp.org/extensions/inbox/omemo-media-sharing.html,Avoid,3.75,Unsupported,-
ProtoXEP,ProtoXEP-127,ProtoXEP-127,,Service Outage Status,https://xmpp.org/extensions/inbox/service-outage-status.html,Avoid,0.75,Unsupported,-
ProtoXEP,ProtoXEP-128,ProtoXEP-128,,XMPP Compliance Suites 2022,https://xmpp.org/extensions/inbox/cs-2022.html,Avoid,0.75,Unsupported,-
ProtoXEP,ProtoXEP-129,ProtoXEP-129,,Content Rating Labels,https://xmpp.org/extensions/inbox/content-ratings.html,Avoid,0.75,Unsupported,-
ProtoXEP,ProtoXEP-13,ProtoXEP-13,,Codecs for Jingle RTP Sessions,https://xmpp.org/extensions/inbox/jingle-rtp-codecs.html,Avoid,1.95,Unsupported,-
ProtoXEP,ProtoXEP-130,ProtoXEP-130,,Moved 2.0,https://xmpp.org/extensions/inbox/moved2.html,Avoid,0.75,Unsupported,-
ProtoXEP,ProtoXEP-131,ProtoXEP-131,,Pre-auth Registration Key Generation and Validation,https://xmpp.org/extensions/inbox/preauth-ibr.html,Avoid,3.15,Unsupported,-
ProtoXEP,ProtoXEP-132,ProtoXEP-132,,Pubsub Caching Hints,https://xmpp.org/extensions/inbox/pubsub-caching-hints.html,Avoid,0.75,Unsupported,-
ProtoXEP,ProtoXEP-133,ProtoXEP-133,,Disco Feature Attachment,https://xmpp.org/extensions/inbox/disco-feature-attachment.html,Avoid,0.75,Unsupported,-
ProtoXEP,ProtoXEP-134,ProtoXEP-134,,PubSub Namespaces,https://xmpp.org/extensions/inbox/pubsub-ns.html,Avoid,1.65,Unsupported,-
ProtoXEP,ProtoXEP-135,ProtoXEP-135,,Compatibility Fallbacks,https://xmpp.org/extensions/inbox/compatibility-fallback.html,Avoid,0.75,Unsupported,-
ProtoXEP,ProtoXEP-136,ProtoXEP-136,,Call Invites,https://xmpp.org/extensions/inbox/call-invites.html,Avoid,2.65,Unsupported,-
ProtoXEP,ProtoXEP-137,ProtoXEP-137,,Message Replies,https://xmpp.org/extensions/inbox/replies.html,Avoid,1.85,Unsupported,-
ProtoXEP,ProtoXEP-138,ProtoXEP-138,,PubSub Type Filtering,https://xmpp.org/extensions/inbox/pubsub-filter.html,Avoid,0.75,Unsupported,-
ProtoXEP,ProtoXEP-139,ProtoXEP-139,,MUC Affiliations Versioning,https://xmpp.org/extensions/inbox/muc-affiliations-versioning.html,Avoid,1.85,Unsupported,-
ProtoXEP,ProtoXEP-14,ProtoXEP-14,,Stanza Forwarding,https://xmpp.org/extensions/inbox/forwarding-delivery.html,Avoid,0.75,Unsupported,-
ProtoXEP,ProtoXEP-140,ProtoXEP-140,,Pubsub Public Subscriptions,https://xmpp.org/extensions/inbox/pubsub-public-subscriptions.html,Avoid,0.75,Unsupported,-
ProtoXEP,ProtoXEP-141,ProtoXEP-141,,Ephemeral Messages,https://xmpp.org/extensions/inbox/ephemeral-messages-v2.html,Avoid,1.85,Unsupported,-
ProtoXEP,ProtoXEP-142,ProtoXEP-142,,XMPP over QUIC,https://xmpp.org/extensions/inbox/xmpp-over-quic.html,Avoid,0.75,Unsupported,-
ProtoXEP,ProtoXEP-143,ProtoXEP-143,,WebSocket S2S,https://xmpp.org/extensions/inbox/websocket-s2s.html,Avoid,0.75,Unsupported,-
ProtoXEP,ProtoXEP-144,ProtoXEP-144,,Pubsub Attachments,https://xmpp.org/extensions/inbox/pubsub-attachments.html,Avoid,0.75,Unsupported,-
ProtoXEP,ProtoXEP-145,ProtoXEP-145,,Events,https://xmpp.org/extensions/inbox/events.html,Avoid,0.75,Unsupported,-
ProtoXEP,ProtoXEP-146,ProtoXEP-146,,PubSub Social Feed,https://xmpp.org/extensions/inbox/pubsub-social-feed.html,Avoid,0.75,Unsupported,-
ProtoXEP,ProtoXEP-147,ProtoXEP-147,,SASL SCRAM Downgrade Protection,https://xmpp.org/extensions/inbox/xep-downgrade-prevention.html,Avoid,3.15,Unsupported,-
ProtoXEP,ProtoXEP-148,ProtoXEP-148,,OpenPGP for XMPP Pubsub,https://xmpp.org/extensions/inbox/pubsub-encryption.html,Avoid,0.75,Unsupported,-
ProtoXEP,ProtoXEP-149,ProtoXEP-149,,Fast Authentication Streamlining Tokens,https://xmpp.org/extensions/inbox/xep-fast.html,Avoid,3.15,Unsupported,-
ProtoXEP,ProtoXEP-15,ProtoXEP-15,,Problem Reporting,https://xmpp.org/extensions/inbox/problem-reporting.html,Avoid,0.75,Unsupported,-
ProtoXEP,ProtoXEP-150,ProtoXEP-150,,Stream Limits Advertisement,https://xmpp.org/extensions/inbox/xep-sla.html,Avoid,0.75,Unsupported,-
ProtoXEP,ProtoXEP-151,ProtoXEP-151,,Pubsub Signing,https://xmpp.org/extensions/inbox/pubsub-signing.html,Avoid,0.75,Unsupported,-
ProtoXEP,ProtoXEP-152,ProtoXEP-152,,Pubsub Signing: OpenPGP Profile,https://xmpp.org/extensions/inbox/pubsub-signing-openpgp.html,Avoid,2.85,Unsupported,-
ProtoXEP,ProtoXEP-153,ProtoXEP-153,,Pubsub Targeted Encryption,https://xmpp.org/extensions/inbox/pubsub-targeted-encryption.html,Avoid,3.15,Unsupported,-
ProtoXEP,ProtoXEP-154,ProtoXEP-154,,SASL Upgrade Tasks,https://xmpp.org/extensions/inbox/xep-scram-upgrade.html,Avoid,3.15,Unsupported,-
ProtoXEP,ProtoXEP-155,ProtoXEP-155,,XMPP Compliance Suites 2023,https://xmpp.org/extensions/inbox/cs-2023.html,Avoid,0.75,Unsupported,-
ProtoXEP,ProtoXEP-156,ProtoXEP-156,,MUC Avatars,https://xmpp.org/extensions/inbox/muc-avatars.html,Avoid,0.45,Unsupported,-
ProtoXEP,ProtoXEP-157,ProtoXEP-157,,Communicate & Ask to AI,https://xmpp.org/extensions/inbox/xep-ai.html,Avoid,0.75,Unsupported,-
ProtoXEP,ProtoXEP-158,ProtoXEP-158,,Reporting Account Affiliations,https://xmpp.org/extensions/inbox/xep-reporting-account-affiliations.html,Avoid,0.75,Unsupported,-
ProtoXEP,ProtoXEP-159,ProtoXEP-159,,MUC Token Invite,https://xmpp.org/extensions/inbox/muc-token-invite.html,Avoid,1.85,Unsupported,-
ProtoXEP,ProtoXEP-16,ProtoXEP-16,,Multi-User Gaming,https://xmpp.org/extensions/inbox/multi-user_gaming.html,Avoid,0.75,Unsupported,-
ProtoXEP,ProtoXEP-160,ProtoXEP-160,,HTTP Online Meetings,https://xmpp.org/extensions/inbox/xep-http_online_meetings.html,Avoid,0.75,Unsupported,-
ProtoXEP,ProtoXEP-161,ProtoXEP-161,,Host Meta 2 - One Method To Rule Them All,https://xmpp.org/extensions/inbox/host-meta-2.html,Avoid,0.75,Unsupported,-
ProtoXEP,ProtoXEP-162,ProtoXEP-162,,PubSub Server Information,https://xmpp.org/extensions/inbox/pubsub-server-info.html,Avoid,1.65,Unsupported,-
ProtoXEP,ProtoXEP-163,ProtoXEP-163,,Chat notification settings,https://xmpp.org/extensions/inbox/notification-filter.html,Avoid,3.25,Unsupported,-
ProtoXEP,ProtoXEP-164,ProtoXEP-164,,MUC Slow Mode,https://xmpp.org/extensions/inbox/xep-slow-mode.html,Avoid,1.85,Unsupported,-
ProtoXEP,ProtoXEP-17,ProtoXEP-17,,Incident Reporting,https://xmpp.org/extensions/inbox/incident-reporting.html,Avoid,0.75,Unsupported,-
ProtoXEP,ProtoXEP-18,ProtoXEP-18,,Server Rosters,https://xmpp.org/extensions/inbox/server-rosters.html,Avoid,2.75,Unsupported,-
ProtoXEP,ProtoXEP-19,ProtoXEP-19,,Shared BOSH,https://xmpp.org/extensions/inbox/shared-bosh.html,Avoid,0.75,Unsupported,-
ProtoXEP,ProtoXEP-2,ProtoXEP-2,,Calendaring Extensions to Publish-Subscribe,https://xmpp.org/extensions/inbox/calendaring.html,Avoid,0.75,Unsupported,-
ProtoXEP,ProtoXEP-20,ProtoXEP-20,,Muji,https://xmpp.org/extensions/inbox/muji.html,Avoid,0.00,Unsupported,-
ProtoXEP,ProtoXEP-21,ProtoXEP-21,,Domain Name Assertions,https://xmpp.org/extensions/inbox/dna.html,Avoid,0.75,Unsupported,-
ProtoXEP,ProtoXEP-22,ProtoXEP-22,,Stanza Interception and Filtering Technology,https://xmpp.org/extensions/inbox/sift.html,Avoid,0.75,Unsupported,-
ProtoXEP,ProtoXEP-23,ProtoXEP-23,,Design Considerations for Digital Signatures in XMPP,https://xmpp.org/extensions/inbox/dsig-design.html,Avoid,0.05,Unsupported,-
ProtoXEP,ProtoXEP-24,ProtoXEP-24,,Linked Process Protocol,https://xmpp.org/extensions/inbox/lop.html,Avoid,0.75,Unsupported,-
ProtoXEP,ProtoXEP-25,ProtoXEP-25,,Jingle Relay Nodes,https://xmpp.org/extensions/inbox/jingle-nodes.html,Avoid,2.65,Unsupported,-
ProtoXEP,ProtoXEP-26,ProtoXEP-26,,Entity Reputation,https://xmpp.org/extensions/inbox/reputation.html,Avoid,0.75,Unsupported,-
ProtoXEP,ProtoXEP-27,ProtoXEP-27,,Presence Decloaking,https://xmpp.org/extensions/inbox/decloak.html,Avoid,1.85,Unsupported,-
ProtoXEP,ProtoXEP-28,ProtoXEP-28,,Distributed Multi-User Chat,https://xmpp.org/extensions/inbox/distributedmuc.html,Avoid,1.85,Unsupported,-
ProtoXEP,ProtoXEP-29,ProtoXEP-29,,Message Carbons,https://xmpp.org/extensions/inbox/carbons.html,Avoid,1.85,Unsupported,-
ProtoXEP,ProtoXEP-3,ProtoXEP-3,,Jingle SOCKS5 Bytestreams Transport Method,https://xmpp.org/extensions/inbox/jingle-s5b.html,Avoid,0.00,Unsupported,-
ProtoXEP,ProtoXEP-30,ProtoXEP-30,,Digital Signatures in XMPP,https://xmpp.org/extensions/inbox/dsig.html,Avoid,0.00,Unsupported,-
ProtoXEP,ProtoXEP-31,ProtoXEP-31,,JSON Content Type support,https://xmpp.org/extensions/inbox/json.html,Avoid,0.75,Unsupported,-
ProtoXEP,ProtoXEP-32,ProtoXEP-32,,Federated MUC for constrained environments,https://xmpp.org/extensions/inbox/fmuc.html,Avoid,1.85,Unsupported,-
ProtoXEP,ProtoXEP-33,ProtoXEP-33,,Shared XML Editing,https://xmpp.org/extensions/inbox/sxe.html,Avoid,0.75,Unsupported,-
ProtoXEP,ProtoXEP-34,ProtoXEP-34,,Moved,https://xmpp.org/extensions/inbox/moved.html,Avoid,0.75,Unsupported,-
ProtoXEP,ProtoXEP-35,ProtoXEP-35,,XMPP on Mobile Devices,https://xmpp.org/extensions/inbox/mobile.html,Avoid,1.45,Unsupported,-
ProtoXEP,ProtoXEP-36,ProtoXEP-36,,Spim Markers and Reports,https://xmpp.org/extensions/inbox/spim.html,Avoid,0.75,Unsupported,-
ProtoXEP,ProtoXEP-37,ProtoXEP-37,,Bidirectional Server-to-Server Connections,https://xmpp.org/extensions/inbox/bidi.html,Avoid,1.65,Unsupported,-
ProtoXEP,ProtoXEP-38,ProtoXEP-38,,DMUC3: Distributed MUC,https://xmpp.org/extensions/inbox/dmuc3.html,Avoid,1.85,Unsupported,-
ProtoXEP,ProtoXEP-39,ProtoXEP-39,,Sensor-Over-XMPP,https://xmpp.org/extensions/inbox/sensors.html,Avoid,0.75,Unsupported,-
ProtoXEP,ProtoXEP-4,ProtoXEP-4,,XMPP Transport Layer Security,https://xmpp.org/extensions/inbox/jingle-xtls.html,Avoid,3.15,Unsupported,-
ProtoXEP,ProtoXEP-40,ProtoXEP-40,,Account Management,https://xmpp.org/extensions/inbox/account-management.html,Avoid,0.75,Unsupported,-
ProtoXEP,ProtoXEP-41,ProtoXEP-41,,File Transfer Metadata,https://xmpp.org/extensions/inbox/ft-metadata.html,Avoid,1.85,Unsupported,-
ProtoXEP,ProtoXEP-42,ProtoXEP-42,,The 'xmpp.pubsub' URI Scheme,https://xmpp.org/extensions/inbox/pubsub-uri.html,Avoid,0.75,Unsupported,-
ProtoXEP,ProtoXEP-43,ProtoXEP-43,,PubSub Since,https://xmpp.org/extensions/inbox/pubsub-since.html,Avoid,0.75,Unsupported,-
ProtoXEP,ProtoXEP-44,ProtoXEP-44,,Multi-User Chat Administration,https://xmpp.org/extensions/inbox/muc-admin.html,Avoid,1.85,Unsupported,-
ProtoXEP,ProtoXEP-45,ProtoXEP-45,,Jingle SDP Content,https://xmpp.org/extensions/inbox/jingle-sdp.html,Avoid,2.65,Unsupported,-
ProtoXEP,ProtoXEP-46,ProtoXEP-46,,User Time Zone,https://xmpp.org/extensions/inbox/peptzo.html,Avoid,0.75,Unsupported,-
ProtoXEP,ProtoXEP-47,ProtoXEP-47,,SIP/SDP Over XMPP (SoX),https://xmpp.org/extensions/inbox/sox.html,Avoid,0.75,Unsupported,-
ProtoXEP,ProtoXEP-48,ProtoXEP-48,,Two-factor user authentication with a shared secret,https://xmpp.org/extensions/inbox/user-auth.html,Avoid,2.00,Unsupported,-
ProtoXEP,ProtoXEP-49,ProtoXEP-49,,Buddycloud Channels,https://xmpp.org/extensions/inbox/buddycloud-channels.html,Avoid,1.65,Unsupported,-
ProtoXEP,ProtoXEP-5,ProtoXEP-5,,Use of ZRTP in Jingle RTP Sessions,https://xmpp.org/extensions/inbox/jingle-zrtp.html,Avoid,2.65,Unsupported,-
ProtoXEP,ProtoXEP-50,ProtoXEP-50,,Recipient Server Side Notifications Filtering,https://xmpp.org/extensions/inbox/rsf.html,Avoid,3.05,Unsupported,-
ProtoXEP,ProtoXEP-51,ProtoXEP-51,,Internet of Things - Events,https://xmpp.org/extensions/inbox/iot-events.html,Avoid,0.75,Unsupported,-
ProtoXEP,ProtoXEP-52,ProtoXEP-52,,Client State Indication,https://xmpp.org/extensions/inbox/client-state-notification.html,Avoid,0.75,Unsupported,-
ProtoXEP,ProtoXEP-53,ProtoXEP-53,,Customizable Message Routing,https://xmpp.org/extensions/inbox/cmr.html,Avoid,1.85,Unsupported,-
ProtoXEP,ProtoXEP-54,ProtoXEP-54,,S2S Components,https://xmpp.org/extensions/inbox/s2s-components.html,Avoid,0.75,Unsupported,-
ProtoXEP,ProtoXEP-56,ProtoXEP-56,,REST with XMPP,https://xmpp.org/extensions/inbox/rest.html,Avoid,0.75,Unsupported,-
ProtoXEP,ProtoXEP-57,ProtoXEP-57,,OMEMO Encrypted Jingle File Transfer,https://xmpp.org/extensions/inbox/omemo-filetransfer.html,Avoid,6.15,Unsupported,-
ProtoXEP,ProtoXEP-58,ProtoXEP-58,,Mediated Information eXchange (MIX),https://xmpp.org/extensions/inbox/mix.html,Avoid,2.65,Unsupported,-
ProtoXEP,ProtoXEP-59,ProtoXEP-59,,Multi-User Chat Light,https://xmpp.org/extensions/inbox/muc-light.html,Avoid,1.85,Unsupported,-
ProtoXEP,ProtoXEP-6,ProtoXEP-6,,Mandatory-to-Implement Technologies for Jingle RTP Sessions,https://xmpp.org/extensions/inbox/jingle-rtp-mti.html,Avoid,2.65,Unsupported,-
ProtoXEP,ProtoXEP-60,ProtoXEP-60,,Quality of Service,https://xmpp.org/extensions/inbox/qos.html,Avoid,0.75,Unsupported,-
ProtoXEP,ProtoXEP-61,ProtoXEP-61,,Notification Inbox,https://xmpp.org/extensions/inbox/notification-inbox.html,Avoid,2.15,Unsupported,-
ProtoXEP,ProtoXEP-62,ProtoXEP-62,,Content Types in Messages,https://xmpp.org/extensions/inbox/content-types.html,Avoid,1.85,Unsupported,-
ProtoXEP,ProtoXEP-63,ProtoXEP-63,,JID Mention,https://xmpp.org/extensions/inbox/jid-mention.html,Avoid,0.75,Unsupported,-
ProtoXEP,ProtoXEP-64,ProtoXEP-64,,Multi-stage IBR,https://xmpp.org/extensions/inbox/multistage-ibr.html,Avoid,0.75,Unsupported,-
ProtoXEP,ProtoXEP-647,ProtoXEP-647,,Message Displayed Synchronization,https://xmpp.org/extensions/inbox/xep-mds.html,Avoid,1.85,Unsupported,-
ProtoXEP,ProtoXEP-648,ProtoXEP-648,,Jingle Remote Control,https://xmpp.org/extensions/inbox/remote-control.html,Avoid,2.65,Unsupported,-
ProtoXEP,ProtoXEP-649,ProtoXEP-649,,WebXDC,https://xmpp.org/extensions/inbox/webxdc.html,Avoid,0.75,Unsupported,-
ProtoXEP,ProtoXEP-65,ProtoXEP-65,,Token-based reconnection,https://xmpp.org/extensions/inbox/token-reconnection.html,Avoid,0.75,Unsupported,-
ProtoXEP,ProtoXEP-655,ProtoXEP-655,,Jingle Audio/Video Conferences,https://xmpp.org/extensions/inbox/av_conferences.html,Avoid,2.65,Unsupported,-
ProtoXEP,ProtoXEP-656,ProtoXEP-656,,OAuth Client Login,https://xmpp.org/extensions/inbox/xep-oauth-client-login.html,Avoid,2.45,Unsupported,-
ProtoXEP,ProtoXEP-657,ProtoXEP-657,,Client Access Management,https://xmpp.org/extensions/inbox/xep-client-access-management.html,Avoid,0.75,Unsupported,-
ProtoXEP,ProtoXEP-658,ProtoXEP-658,,Happy Eyeballs,https://xmpp.org/extensions/inbox/xep-happy-eyeballs.html,Avoid,0.75,Unsupported,-
ProtoXEP,ProtoXEP-659,ProtoXEP-659,,Pubsub Node Relationships,https://xmpp.org/extensions/inbox/pubsub-node-relationships.html,Avoid,0.75,Unsupported,-
ProtoXEP,ProtoXEP-66,ProtoXEP-66,,Instant Stream Resumption,https://xmpp.org/extensions/inbox/isr.html,Avoid,0.75,Unsupported,-
ProtoXEP,ProtoXEP-660,ProtoXEP-660,,Pubsub Extended Subscriptions,https://xmpp.org/extensions/inbox/pubsub-extended-subscription.html,Avoid,0.75,Unsupported,-
ProtoXEP,ProtoXEP-666,ProtoXEP-666,,Pubsub Extended Discovery,https://xmpp.org/extensions/inbox/pubsub-extended-discovery.html,Avoid,0.75,Unsupported,-
ProtoXEP,ProtoXEP-668,ProtoXEP-668,,Pubsub File Sharing,https://xmpp.org/extensions/inbox/pubsub-file-sharing.html,Avoid,1.85,Unsupported,-
ProtoXEP,ProtoXEP-67,ProtoXEP-67,,User Rating,https://xmpp.org/extensions/inbox/userrating.html,Avoid,0.75,Unsupported,-
ProtoXEP,ProtoXEP-672,ProtoXEP-672,,MUC Activity Indicator,https://xmpp.org/extensions/inbox/muc-activity.html,Avoid,1.85,Unsupported,-
ProtoXEP,ProtoXEP-673,ProtoXEP-673,,Pubsub Stories,https://xmpp.org/extensions/inbox/stories.html,Avoid,0.75,Unsupported,-
ProtoXEP,ProtoXEP-677,ProtoXEP-677,,GRE Encrypter: OpenPGP,https://xmpp.org/extensions/inbox/gre-encrypter-openpgp.html,Avoid,0.75,Unsupported,-
ProtoXEP,ProtoXEP-678,ProtoXEP-678,,Gateway Relayed Encryption,https://xmpp.org/extensions/inbox/gateway-relayed-encryption.html,Avoid,3.15,Unsupported,-
ProtoXEP,ProtoXEP-679,ProtoXEP-679,,GRE Formatter: MIME,https://xmpp.org/extensions/inbox/gre-formatter-mime.html,Avoid,0.75,Unsupported,-
ProtoXEP,ProtoXEP-68,ProtoXEP-68,,Extensible SASL Profile,https://xmpp.org/extensions/inbox/sasl2.html,Avoid,5.25,Unsupported,-
ProtoXEP,ProtoXEP-681,ProtoXEP-681,,Server-side spaces,https://xmpp.org/extensions/inbox/spaces.html,Avoid,1.65,Unsupported,-
ProtoXEP,ProtoXEP-684,ProtoXEP-684,,Data Policy,https://xmpp.org/extensions/inbox/data_policy.html,Avoid,0.75,Unsupported,-
ProtoXEP,ProtoXEP-685,ProtoXEP-685,,Data Forms File Input Element,https://xmpp.org/extensions/inbox/data-form-file-element.html,Avoid,1.85,Unsupported,-
ProtoXEP,ProtoXEP-69,ProtoXEP-69,,Atomically Compare-And-Publish PubSub Items,https://xmpp.org/extensions/inbox/cap.html,Avoid,2.65,Unsupported,-
ProtoXEP,ProtoXEP-7,ProtoXEP-7,,Server IP Check,https://xmpp.org/extensions/inbox/sic.html,Avoid,1.65,Unsupported,-
ProtoXEP,ProtoXEP-70,ProtoXEP-70,,Body Markup Hints,https://xmpp.org/extensions/inbox/bmh.html,Avoid,0.75,Unsupported,-
ProtoXEP,ProtoXEP-71,ProtoXEP-71,,Instant Stream Resumption,https://xmpp.org/extensions/inbox/isr-sasl2.html,Avoid,0.75,Unsupported,-
ProtoXEP,ProtoXEP-72,ProtoXEP-72,,User Avatar to vCard-Based Avatars Conversion,https://xmpp.org/extensions/inbox/pep-vcard-conversion.html,Avoid,1.75,Unsupported,-
ProtoXEP,ProtoXEP-73,ProtoXEP-73,,Client Key Support,https://xmpp.org/extensions/inbox/client-key.html,Avoid,0.75,Unsupported,-
ProtoXEP,ProtoXEP-74,ProtoXEP-74,,Multi-Factor Authentication with TOTP,https://xmpp.org/extensions/inbox/totp-2fa.html,Avoid,3.15,Unsupported,-
ProtoXEP,ProtoXEP-75,ProtoXEP-75,,IM Routing-NG,https://xmpp.org/extensions/inbox/im-ng.html,Avoid,0.75,Unsupported,-
ProtoXEP,ProtoXEP-76,ProtoXEP-76,,XMPP Connections across HTTPS (HACX),https://xmpp.org/extensions/inbox/hacx.html,Avoid,0.75,Unsupported,-
ProtoXEP,ProtoXEP-77,ProtoXEP-77,,Terms of Services,https://xmpp.org/extensions/inbox/tos.html,Avoid,0.75,Unsupported,-
ProtoXEP,ProtoXEP-78,ProtoXEP-78,,Best practices for GDPR compliant deployment of XMPP,https://xmpp.org/extensions/inbox/gdpr.html,Avoid,0.05,Unsupported,-
ProtoXEP,ProtoXEP-79,ProtoXEP-79,,MUC Self-Ping (Schrödinger's Chat),https://xmpp.org/extensions/inbox/muc-selfping.html,Avoid,1.85,Unsupported,-
ProtoXEP,ProtoXEP-8,ProtoXEP-8,,File Transfer Thumbnails,https://xmpp.org/extensions/inbox/thumbs.html,Avoid,1.85,Unsupported,-
ProtoXEP,ProtoXEP-80,ProtoXEP-80,,File Sharing Notifications,https://xmpp.org/extensions/inbox/fsn.html,Avoid,3.25,Unsupported,-
ProtoXEP,ProtoXEP-81,ProtoXEP-81,,Bookmarks Conversion,https://xmpp.org/extensions/inbox/bookmarks-conversion.html,Avoid,1.85,Unsupported,-
ProtoXEP,ProtoXEP-82,ProtoXEP-82,,Simple Buttons,https://xmpp.org/extensions/inbox/buttons.html,Avoid,0.75,Unsupported,-
ProtoXEP,ProtoXEP-83,ProtoXEP-83,,XMPP Compliance Suites 2019,https://xmpp.org/extensions/inbox/cs-2019.html,Avoid,0.75,Unsupported,-
ProtoXEP,ProtoXEP-84,ProtoXEP-84,,XMPP Compliance Suites 2020,https://xmpp.org/extensions/inbox/cs-2020.html,Avoid,0.75,Unsupported,-
ProtoXEP,ProtoXEP-85,ProtoXEP-85,,Order-By,https://xmpp.org/extensions/inbox/order-by.html,Avoid,0.75,Unsupported,-
ProtoXEP,ProtoXEP-86,ProtoXEP-86,,Cryptographic Hash Function Recommendations for XMPP,https://xmpp.org/extensions/inbox/hash-recommendations.html,Avoid,2.45,Unsupported,-
ProtoXEP,ProtoXEP-87,ProtoXEP-87,,E2E Authentication in XMPP,https://xmpp.org/extensions/inbox/eax.html,Avoid,3.15,Unsupported,-
ProtoXEP,ProtoXEP-88,ProtoXEP-88,,E2E Authentication in XMPP: CA Requirements,https://xmpp.org/extensions/inbox/eax-car.html,Avoid,2.00,Unsupported,-
ProtoXEP,ProtoXEP-89,ProtoXEP-89,,XMPP Over RELOAD (XOR),https://xmpp.org/extensions/inbox/xor.html,Avoid,0.75,Unsupported,-
ProtoXEP,ProtoXEP-9,ProtoXEP-9,,Server-based Tic-tac-toe,https://xmpp.org/extensions/inbox/tictactoe-mug.html,Avoid,1.65,Unsupported,-
ProtoXEP,ProtoXEP-90,ProtoXEP-90,,DNS Queries over XMPP (DoX),https://xmpp.org/extensions/inbox/dox.html,Avoid,0.75,Unsupported,-
ProtoXEP,ProtoXEP-91,ProtoXEP-91,,E2E Authentication in XMPP: Certificate Issuance and Revocation,https://xmpp.org/extensions/inbox/eax-cir.html,Avoid,3.15,Unsupported,-
ProtoXEP,ProtoXEP-92,ProtoXEP-92,,Automatic Trust Transfer (ATT),https://xmpp.org/extensions/inbox/automatic-trust-transfer.html,Avoid,0.75,Unsupported,-
ProtoXEP,ProtoXEP-93,ProtoXEP-93,,Improving Baseline Security in XMPP,https://xmpp.org/extensions/inbox/baseline-security.html,Avoid,1.40,Unsupported,-
ProtoXEP,ProtoXEP-94,ProtoXEP-94,,Stanza Content Encryption,https://xmpp.org/extensions/inbox/xep-sce.html,Avoid,3.15,Unsupported,-
ProtoXEP,ProtoXEP-95,ProtoXEP-95,,Anonymous unique occupant identifiers for MUCs,https://xmpp.org/extensions/inbox/occupant-id.html,Avoid,1.85,Unsupported,-
ProtoXEP,ProtoXEP-96,ProtoXEP-96,,Message Reactions,https://xmpp.org/extensions/inbox/reactions.html,Avoid,1.85,Unsupported,-
ProtoXEP,ProtoXEP-97,ProtoXEP-97,,Message Fastening,https://xmpp.org/extensions/inbox/fasten.html,Avoid,1.85,Unsupported,-
ProtoXEP,ProtoXEP-98,ProtoXEP-98,,Authorization Tokens,https://xmpp.org/extensions/inbox/auth-tokens.html,Avoid,3.15,Unsupported,-
ProtoXEP,ProtoXEP-99,ProtoXEP-99,,MAM Fastening Collation,https://xmpp.org/extensions/inbox/mamfc.html,Avoid,0.75,Unsupported,-
